Date,Maximum,Minimum,Average,Departure,HDD,CDD,Precipitation,New Snow,Snow Depth
2023-02-28,32,20,26,3.8,39,0,T,T,12
2023-02-27,32,4,18,-3.7,47,0,0,0,12
2023-02-26,44,3,23.5,2.3,41,0,0,0,12
2023-02-25,28,9,18.5,-2.3,46,0,0,0,12
2023-02-24,26,3,14.5,-5.8,50,0,0.13,0.9,12
2023-02-23,35,-1,17,-2.9,48,0,0.1,0.6,11
2023-02-22,44,27,35.5,16,29,0,T,T,11
2023-02-21,37,25,31,11.9,34,0,0,0,12
2023-02-20,34,25,29.5,10.8,35,0,T,T,13
2023-02-19,28,-4,12,-6.3,53,0,0,0,13
2023-02-18,6,-19,-6.5,-24.4,71,0,0,0,14
2023-02-17,13,-21,-4,-21.5,69,0,0,0,14
2023-02-16,17,-11,3,-14.2,62,0,0,0,14
2023-02-15,28,9,18.5,1.6,46,0,T,0.2,14
2023-02-14,14,-13,0.5,-16.1,64,0,T,0.3,15
2023-02-13,15,-15,0,-16.3,65,0,0,0,15
2023-02-12,7,-20,-6.5,-22.5,71,0,0,0,15
2023-02-11,4,-22,-9,-24.7,74,0,0,0,15
2023-02-10,24,-22,1,-14.5,64,0,0,0,15
2023-02-09,21,-11,5,-10.2,60,0,0.05,0.6,15
2023-02-08,13,-11,1,-14,64,0,0,0,15
2023-02-07,29,-11,9,-5.8,56,0,0,0,15
2023-02-06,34,10,22,7.4,43,0,T,T,15
2023-02-05,11,-9,1,-13.4,64,0,0,0,16
2023-02-04,3,-21,-9,-23.3,74,0,T,T,17
2023-02-03,8,-23,-7.5,-21.6,72,0,0,0,17
2023-02-02,8,-18,-5,-19,70,0,0,0,17
2023-02-01,2,-21,-9.5,-23.3,74,0,0,0,17
2023-01-31,20,-20,0,-13.7,65,0,0.12,1.6,18
2023-01-30,30,17,23.5,9.9,41,0,0.24,5.8,18
2023-01-29,29,16,22.5,9,42,0,0.06,0.5,13
2023-01-28,26,14,20,6.7,45,0,0.12,1.6,12
2023-01-27,18,2,10,-3.2,55,0,0,0,10
2023-01-26,19,-3,8,-5.1,57,0,0,0,10
2023-01-25,17,0,8.5,-4.5,56,0,T,0.2,10
2023-01-24,22,-4,9,-4,56,0,0,0,10
2023-01-23,19,1,10,-2.9,55,0,0,0,10
2023-01-22,18,8,13,0.2,52,0,0,0,10
2023-01-21,14,-2,6,-6.7,59,0,T,T,10
2023-01-20,11,-11,0,-12.6,65,0,0,0,10
2023-01-19,26,-12,7,-5.5,58,0,0,0,10
2023-01-18,28,17,22.5,10,42,0,0,0,10
2023-01-17,36,14,25,12.6,40,0,0.01,0.3,10
2023-01-16,32,14,23,10.7,42,0,0.03,0.3,10
2023-01-15,38,-2,18,5.7,47,0,0,0,10
2023-01-14,17,-2,7.5,-4.7,57,0,0,0,10
2023-01-13,25,-1,12,-0.1,53,0,0,0,10
2023-01-12,30,3,16.5,4.4,48,0,0.14,0.6,10
2023-01-11,40,27,33.5,21.5,31,0,T,0.4,10
2023-01-10,38,0,19,7,46,0,T,T,9
2023-01-09,15,-4,5.5,-6.4,59,0,0,0,9
2023-01-08,32,-5,13.5,1.6,51,0,0,0,9
2023-01-07,24,2,13,1.2,52,0,0,0,9
2023-01-06,19,0,9.5,-2.3,55,0,T,T,9
2023-01-05,25,-2,11.5,-0.3,53,0,0,0,9
2023-01-04,26,15,20.5,8.7,44,0,0,0,9
2023-01-03,36,14,25,13.2,40,0,0.05,0.7,9
2023-01-02,42,22,32,20.2,33,0,0,0,10
2023-01-01,38,29,33.5,21.7,31,0,0.39,3.1,10
2022-12-31,35,-6,14.5,2.7,50,0,0.34,2.3,9
2022-12-30,24,-7,8.5,-3.3,56,0,T,T,7
2022-12-29,41,14,27.5,15.6,37,0,0,0,7
2022-12-28,45,6,25.5,13.5,39,0,0,0,7
2022-12-27,37,6,21.5,9.5,43,0,0,0,7
2022-12-26,40,15,27.5,15.4,37,0,0,0,8
2022-12-25,28,9,18.5,6.2,46,0,0,0,8
2022-12-24,16,-9,3.5,-8.9,61,0,0,0,8
2022-12-23,11,-11,0,-12.5,65,0,0,0,8
2022-12-22,31,-8,11.5,-1.2,53,0,0.2,1,8
2022-12-21,10,-15,-2.5,-15.4,67,0,0,0,8
2022-12-20,4,-23,-9.5,-22.6,74,0,0,0,8
2022-12-19,2,-25,-11.5,-24.8,76,0,0,0,8
2022-12-18,6,-25,-9.5,-23.1,74,0,0,0,8
2022-12-17,10,-19,-4.5,-18.3,69,0,0,0,8
2022-12-16,18,-12,3,-11.1,62,0,0,0,8
2022-12-15,25,-5,10,-4.4,55,0,0,0,8
2022-12-14,17,7,12,-2.7,53,0,T,T,8
2022-12-13,28,4,16,1,49,0,0.42,3.8,9
2022-12-12,23,-2,10.5,-4.9,54,0,0,0,6
2022-12-11,23,-7,8,-7.8,57,0,0,0,6
2022-12-10,18,-11,3.5,-12.6,61,0,0,0,6
2022-12-09,30,-13,8.5,-8,56,0,0,0,7
2022-12-08,22,3,12.5,-4.5,52,0,0.07,1.4,7
2022-12-07,29,0,14.5,-2.9,50,0,0,0,7
2022-12-06,39,19,29,11.2,36,0,0.53,8.8,9
2022-12-05,44,20,32,13.7,33,0,0.01,T,T
2022-12-04,20,6,13,-5.8,52,0,0.1,1.8,2
2022-12-03,34,-5,14.5,-4.7,50,0,0.03,0.6,1
2022-12-02,48,30,39,19.3,26,0,T,T,T
2022-12-01,34,10,22,1.8,43,0,0,0,T
2022-11-30,20,-2,9,-11.7,56,0,0,0,1
2022-11-29,37,18,27.5,6.3,37,0,0.08,1.3,2
2022-11-28,35,24,29.5,7.8,35,0,0,0,T
2022-11-27,39,3,21,-1.2,44,0,0,0,T
2022-11-26,39,2,20.5,-2.3,44,0,0,0,T
2022-11-25,36,2,19,-4.3,46,0,0,0,T
2022-11-24,34,-2,16,-7.8,49,0,0,0,T
2022-11-23,38,-3,17.5,-6.8,47,0,T,T,T
2022-11-22,37,-3,17,-7.8,48,0,0,0,T
2022-11-21,35,-3,16,-9.3,49,0,0,0,T
2022-11-20,30,-5,12.5,-13.4,52,0,0,0,T
2022-11-19,27,-4,11.5,-14.9,53,0,0,0,T
2022-11-18,32,11,21.5,-5.4,43,0,T,T,T
2022-11-17,25,8,16.5,-10.9,48,0,0,0,T
2022-11-16,26,0,13,-14.9,52,0,0,0,1
2022-11-15,31,15,23,-5.3,42,0,0.35,0.9,1
2022-11-14,45,12,28.5,-0.3,36,0,T,T,T
2022-11-13,33,1,17,-12.3,48,0,0,0,T
2022-11-12,31,1,16,-13.8,49,0,0,0,T
2022-11-11,32,8,20,-10.2,45,0,0.07,1.1,1
2022-11-10,59,17,38,7.3,27,0,0.16,1.8,2
2022-11-09,59,19,39,7.9,26,0,0,0,T
2022-11-08,60,19,39.5,7.9,25,0,0,0,T
2022-11-07,35,21,28,-4,37,0,T,T,T
2022-11-06,42,27,34.5,2.1,30,0,0.07,0.6,1
2022-11-05,33,22,27.5,-5.3,37,0,0,0,T
2022-11-04,43,23,33,-0.2,32,0,0.09,0.5,1
2022-11-03,57,26,41.5,7.8,23,0,0,0,0
2022-11-02,55,18,36.5,2.4,28,0,0,0,0
2022-11-01,53,18,35.5,1,29,0,0,0,0
2022-10-31,52,17,34.5,-0.3,30,0,T,T,0
2022-10-30,49,15,32,-3.2,33,0,0,0,0
2022-10-29,47,14,30.5,-5.1,34,0,0,0,T
2022-10-28,38,15,26.5,-9.5,38,0,0,0,T
2022-10-27,42,22,32,-4.4,33,0,0.19,2.1,2
2022-10-26,37,27,32,-4.8,33,0,0.05,0.8,1
2022-10-25,32,26,29,-8.2,36,0,T,0,0
2022-10-24,42,25,33.5,-4,31,0,0.1,T,0
2022-10-23,62,26,44,6.1,21,0,0.37,0,0
2022-10-22,64,23,43.5,5.2,21,0,0,0,0
2022-10-21,68,20,44,5.3,21,0,0,0,0
2022-10-20,68,19,43.5,4.4,21,0,0,0,0
2022-10-19,65,18,41.5,2,23,0,0,0,0
2022-10-18,64,19,41.5,1.6,23,0,0,0,0
2022-10-17,63,21,42,1.7,23,0,0,0,0
2022-10-16,65,25,45,4.3,20,0,0,0,0
2022-10-15,66,19,42.5,1.4,22,0,0,0,0
2022-10-14,61,20,40.5,-1,24,0,0,0,0
2022-10-13,64,27,45.5,3.6,19,0,0,0,0
2022-10-12,63,25,44,1.7,21,0,0,0,0
2022-10-11,64,26,45,2.3,20,0,0,0,0
2022-10-10,66,25,45.5,2.4,19,0,0,0,0
2022-10-09,66,24,45,1.5,20,0,0,0,0
2022-10-08,63,26,44.5,0.6,20,0,0,0,0
2022-10-07,67,29,48,3.6,17,0,0,0,0
2022-10-06,66,28,47,2.2,18,0,T,0,0
2022-10-05,59,28,43.5,-1.7,21,0,0.01,0,0
2022-10-04,59,36,47.5,1.9,17,0,0.11,0,0
2022-10-03,62,38,50,4,15,0,0.03,0,0
2022-10-02,56,40,48,1.5,17,0,0.14,0,0
2022-10-01,59,34,46.5,-0.4,18,0,0.33,0,0
2022-09-30,70,37,53.5,6.2,11,0,0.03,0,0
2022-09-29,74,42,58,10.3,7,0,0,0,0
2022-09-28,71,33,52,3.8,13,0,0,0,0
2022-09-27,76,31,53.5,4.9,11,0,0,0,0
2022-09-26,74,30,52,3,13,0,0,0,0
2022-09-25,72,28,50,0.6,15,0,0,0,0
2022-09-24,70,28,49,-0.8,16,0,0,0,0
2022-09-23,68,39,53.5,3.3,11,0,T,0,0
2022-09-22,71,43,57,6.4,8,0,0.16,0,0
2022-09-21,73,35,54,3,11,0,0,0,0
2022-09-20,78,32,55,3.6,10,0,0,0,0
2022-09-19,78,32,55,3.3,10,0,0,0,0
2022-09-18,73,32,52.5,0.4,12,0,T,0,0
2022-09-17,58,39,48.5,-4,16,0,0.16,0,0
2022-09-16,64,36,50,-2.8,15,0,0.06,0,0
2022-09-15,67,45,56,2.8,9,0,0.08,0,0
2022-09-14,78,34,56,2.5,9,0,0,0,0
2022-09-13,79,31,55,1.1,10,0,0,0,0
2022-09-12,79,28,53.5,-0.7,11,0,0,0,0
2022-09-11,72,32,52,-2.5,13,0,0,0,0
2022-09-10,82,28,55,0.2,10,0,0,0,0
2022-09-09,84,44,64,8.9,1,0,0,0,0
2022-09-08,88,39,63.5,8.1,1,0,0,0,0
2022-09-07,88,40,64,8.3,1,0,0,0,0
2022-09-06,89,40,64.5,8.5,0,0,0,0,0
2022-09-05,88,40,64,7.7,1,0,0,0,0
2022-09-04,87,40,63.5,6.9,1,0,0,0,0
2022-09-03,86,44,65,8.2,0,0,T,0,0
2022-09-02,83,43,63,5.9,2,0,0,0,0
2022-09-01,84,39,61.5,4.2,3,0,0,0,0
2022-08-31,83,41,62,4.4,3,0,0,0,0
2022-08-30,81,40,60.5,2.7,4,0,0,0,0
2022-08-29,75,37,56,-2.1,9,0,0.02,0,0
2022-08-28,72,38,55,-3.3,10,0,0,0,0
2022-08-27,72,42,57,-1.5,8,0,0.07,0,0
2022-08-26,77,47,62,3.2,3,0,0.05,0,0
2022-08-25,82,45,63.5,4.5,1,0,0,0,0
2022-08-24,78,41,59.5,0.3,5,0,0,0,0
2022-08-23,78,41,59.5,0.1,5,0,0.09,0,0
2022-08-22,69,49,59,-0.7,6,0,0.44,0,0
2022-08-21,75,47,61,1.1,4,0,0.01,0,0
2022-08-20,77,47,62,1.9,3,0,0,0,0
2022-08-19,81,45,63,2.7,2,0,0,0,0
2022-08-18,79,42,60.5,0,4,0,0.01,0,0
2022-08-17,66,43,54.5,-6.2,10,0,0.2,0,0
2022-08-16,76,54,65,4.1,0,0,0.1,0,0
2022-08-15,85,55,70,8.9,0,5,0.28,0,0
2022-08-14,83,47,65,3.8,0,0,0,0,0
2022-08-13,86,51,68.5,7.1,0,4,0,0,0
2022-08-12,91,47,69,7.4,0,4,0,0,0
2022-08-11,90,52,71,9.2,0,6,0,0,0
2022-08-10,89,47,68,6.1,0,3,0,0,0
2022-08-09,84,43,63.5,1.4,1,0,0,0,0
2022-08-08,83,49,66,3.7,0,1,0,0,0
2022-08-07,86,48,67,4.6,0,2,0,0,0
2022-08-06,87,49,68,5.5,0,3,0.11,0,0
2022-08-05,85,52,68.5,5.8,0,4,0.01,0,0
2022-08-04,80,47,63.5,0.7,1,0,0,0,0
2022-08-03,79,53,66,3.1,0,1,0.26,0,0
2022-08-02,79,51,65,2,0,0,0,0,0
2022-08-01,82,47,64.5,1.4,0,0,T,0,0
2022-07-31,82,48,65,1.8,0,0,T,0,0
2022-07-30,79,45,62,-1.3,3,0,0,0,0
2022-07-29,85,47,66,2.6,0,1,0.02,0,0
2022-07-28,85,49,67,3.6,0,2,0,0,0
2022-07-27,82,47,64.5,1,0,0,0,0,0
2022-07-26,80,46,63,-0.5,2,0,0,0,0
2022-07-25,68,52,60,-3.5,5,0,0.12,0,0
2022-07-24,84,49,66.5,3,0,2,0.02,0,0
2022-07-23,88,51,69.5,6,0,5,0,0,0
2022-07-22,85,45,65,1.5,0,0,0,0,0
2022-07-21,80,46,63,-0.5,2,0,0.02,0,0
2022-07-20,82,49,65.5,2,0,1,0.02,0,0
2022-07-19,85,51,68,4.6,0,3,0.29,0,0
2022-07-18,88,54,71,7.6,0,6,0,0,0
2022-07-17,76,47,61.5,-1.8,3,0,0.23,0,0
2022-07-16,84,53,68.5,5.3,0,4,0,0,0
2022-07-15,84,54,69,5.9,0,4,0.24,0,0
2022-07-14,85,51,68,5,0,3,0.01,0,0
2022-07-13,83,44,63.5,0.6,1,0,0,0,0
2022-07-12,84,45,64.5,1.8,0,0,0,0,0
2022-07-11,87,45,66,3.4,0,1,0.05,0,0
2022-07-10,89,46,67.5,5.1,0,3,0.04,0,0
2022-07-09,85,47,66,3.7,0,1,0,0,0
2022-07-08,77,45,61,-1.1,4,0,0,0,0
2022-07-07,75,46,60.5,-1.4,4,0,T,0,0
2022-07-06,76,51,63.5,1.7,1,0,0.11,0,0
2022-07-05,83,49,66,4.4,0,1,0,0,0
2022-07-04,80,45,62.5,1.1,2,0,0.5,0,0
2022-07-03,79,48,63.5,2.3,1,0,0,0,0
2022-07-02,73,45,59,-1.9,6,0,0,0,0
2022-07-01,65,46,55.5,-5.2,9,0,0,0,0
2022-06-30,80,51,65.5,5,0,1,0.92,0,0
2022-06-29,81,43,62,1.7,3,0,0,0,0
2022-06-28,79,39,59,-1.1,6,0,0,0,0
2022-06-27,72,38,55,-4.8,10,0,T,0,0
2022-06-26,76,43,59.5,-0.1,5,0,0.18,0,0
2022-06-25,71,38,54.5,-4.8,10,0,0,0,0
2022-06-24,79,44,61.5,2.4,3,0,0.13,0,0
2022-06-23,81,42,61.5,2.6,3,0,0,0,0
2022-06-22,77,37,57,-1.6,8,0,0,0,0
2022-06-21,71,30,50.5,-7.9,14,0,0,0,0
2022-06-20,77,42,59.5,1.4,5,0,0,0,0
2022-06-19,80,47,63.5,5.6,1,0,0.08,0,0
2022-06-18,83,53,68,10.4,0,3,0,0,0
2022-06-17,86,42,64,6.6,1,0,0,0,0
2022-06-16,70,34,52,-5.1,13,0,0,0,0
2022-06-15,76,32,54,-2.8,11,0,0,0,0
2022-06-14,83,45,64,7.4,1,0,0,0,0
2022-06-13,86,43,64.5,8.2,0,0,0,0,0
2022-06-12,86,43,64.5,8.4,0,0,0,0,0
2022-06-11,86,42,64,8.2,1,0,0,0,0
2022-06-10,81,39,60,4.5,5,0,0,0,0
2022-06-09,79,43,61,5.7,4,0,0,0,0
2022-06-08,75,34,54.5,-0.5,10,0,0,0,0
2022-06-07,69,35,52,-2.7,13,0,0,0,0
2022-06-06,73,45,59,4.6,6,0,0,0,0
2022-06-05,74,42,58,3.9,7,0,0,0,0
2022-06-04,72,33,52.5,-1.4,12,0,0,0,0
2022-06-03,72,33,52.5,-1.1,12,0,0,0,0
2022-06-02,66,31,48.5,-4.8,16,0,0,0,0
2022-06-01,61,32,46.5,-6.5,18,0,T,0,0
2022-05-31,49,28,38.5,-14.2,26,0,T,T,0
2022-05-30,61,35,48,-4.4,17,0,0,0,0
2022-05-29,73,40,56.5,4.5,8,0,0.11,0,0
2022-05-28,79,36,57.5,5.8,7,0,0,0,0
2022-05-27,74,31,52.5,1.1,12,0,0,0,0
2022-05-26,62,30,46,-5.1,19,0,0,0,0
2022-05-25,51,28,39.5,-11.2,25,0,0,0,0
2022-05-24,53,36,44.5,-5.9,20,0,0,0,0
2022-05-23,52,36,44,-6.1,21,0,0.04,0,0
2022-05-22,49,28,38.5,-11.2,26,0,0,0,T
2022-05-21,33,27,30,-19.4,35,0,0.14,4.5,5
2022-05-20,72,27,49.5,0.5,15,0,0.16,3.1,3
2022-05-19,72,33,52.5,3.8,12,0,0,0,0
2022-05-18,74,39,56.5,8.2,8,0,T,0,0
2022-05-17,76,35,55.5,7.6,9,0,0,0,0
2022-05-16,74,33,53.5,5.9,11,0,0,0,0
2022-05-15,69,34,51.5,4.3,13,0,0,0,0
2022-05-14,63,28,45.5,-1.3,19,0,0,0,0
2022-05-13,55,28,41.5,-5,23,0,0,0,0
2022-05-12,78,35,56.5,10.4,8,0,0,0,0
2022-05-11,73,31,52,6.2,13,0,0,0,0
2022-05-10,68,28,48,2.6,17,0,0,0,0
2022-05-09,68,35,51.5,6.5,13,0,0.12,0,0
2022-05-08,72,37,54.5,9.8,10,0,0,0,0
2022-05-07,72,37,54.5,10.2,10,0,0,0,0
2022-05-06,62,38,50,6,15,0,0,0,0
2022-05-05,49,32,40.5,-3.2,24,0,T,T,T
2022-05-04,64,31,47.5,4.2,17,0,0.16,0.2,T
2022-05-03,56,27,41.5,-1.5,23,0,0.1,0,0
2022-05-02,64,35,49.5,6.8,15,0,0.4,0,0
2022-05-01,60,26,43,0.6,22,0,0,0,0
2022-04-30,47,27,37,-5.1,28,0,T,0,0
2022-04-29,66,29,47.5,5.7,17,0,0,0,0
2022-04-28,67,26,46.5,5,18,0,0,0,0
2022-04-27,64,28,46,4.8,19,0,0,0,0
2022-04-26,48,20,34,-6.9,31,0,0,0,0
2022-04-25,44,27,35.5,-5.2,29,0,0,0,0
2022-04-24,42,29,35.5,-4.9,29,0,T,T,T
2022-04-23,70,30,50,9.8,15,0,0.12,2,2
2022-04-22,70,27,48.5,8.6,16,0,0,0,0
2022-04-21,61,24,42.5,2.8,22,0,0,0,0
2022-04-20,67,32,49.5,10,15,0,0,0,0
2022-04-19,65,23,44,4.7,21,0,0,0,0
2022-04-18,51,24,37.5,-1.5,27,0,0,0,0
2022-04-17,56,31,43.5,4.7,21,0,0,0,0
2022-04-16,53,23,38,-0.6,27,0,0,0,0
2022-04-15,45,24,34.5,-3.9,30,0,0,0,0
2022-04-14,26,15,20.5,-17.7,44,0,0,0,0
2022-04-13,26,9,17.5,-20.6,47,0,0.2,T,2
2022-04-12,53,16,34.5,-3.4,30,0,0.25,2.8,3
2022-04-11,39,26,32.5,-5.2,32,0,0,0,0
2022-04-10,62,25,43.5,6,21,0,0.02,0,0
2022-04-09,58,16,37,-0.3,28,0,0,0,0
2022-04-08,47,16,31.5,-5.6,33,0,0,0,0
2022-04-07,36,15,25.5,-11.4,39,0,0,0,T
2022-04-06,44,20,32,-4.7,33,0,T,T,T
2022-04-05,53,32,42.5,6,22,0,0,0,T
2022-04-04,48,20,34,-2.3,31,0,T,T,T
2022-04-03,56,27,41.5,5.5,23,0,0,0,T
2022-04-02,47,20,33.5,-2.3,31,0,0,0,T
2022-04-01,50,20,35,-0.6,30,0,0,0,T
2022-03-31,37,15,26,-9.3,39,0,T,T,2
2022-03-30,42,27,34.5,-0.6,30,0,T,T,4
2022-03-29,63,25,44,9.2,21,0,0,0,5
2022-03-28,53,21,37,2.5,28,0,0,0,6
2022-03-27,53,21,37,2.8,28,0,0,0,6
2022-03-26,54,18,36,2.1,29,0,0,0,9
2022-03-25,42,16,29,-4.6,36,0,0,0,12
2022-03-24,37,10,23.5,-9.7,41,0,0,0,13
2022-03-23,33,7,20,-12.9,45,0,0,0,13
2022-03-22,35,10,22.5,-10,42,0,T,0.2,13
2022-03-21,40,26,33,0.9,32,0,T,T,13
2022-03-20,30,12,21,-10.7,44,0,0,0,13
2022-03-19,29,3,16,-15.3,49,0,0,0,13
2022-03-18,35,0,17.5,-13.4,47,0,0,0,13
2022-03-17,36,25,30.5,0,34,0,0.06,0.3,14
2022-03-16,36,10,23,-7,42,0,0,0,14
2022-03-15,37,4,20.5,-9.1,44,0,0,0,14
2022-03-14,40,16,28,-1.1,37,0,0,0,15
2022-03-13,36,-7,14.5,-14.2,50,0,0,0,15
2022-03-12,29,-7,11,-17.2,54,0,0,0,16
2022-03-11,18,-24,-3,-30.7,68,0,0,0,16
2022-03-10,28,1,14.5,-12.7,50,0,0.02,T,17
2022-03-09,24,-10,7,-19.7,58,0,0,0,17
2022-03-08,22,-16,3,-23.2,62,0,0,0,17
2022-03-07,29,4,16.5,-9.2,48,0,0.02,0.2,17
2022-03-06,36,10,23,-2.2,42,0,0.02,0.2,18
2022-03-05,32,13,22.5,-2.2,42,0,0.1,3.6,20
2022-03-04,23,0,11.5,-12.7,53,0,0,0,17
2022-03-03,26,-3,11.5,-12.2,53,0,0,0,17
2022-03-02,23,-6,8.5,-14.7,56,0,0,0,17
2022-03-01,17,-12,2.5,-20.2,62,0,0,0,17
2022-02-28,8,-13,-2.5,-24.7,67,0,0,0,17
2022-02-27,12,-24,-6,-27.7,71,0,0,0,17
2022-02-26,20,-17,1.5,-19.7,63,0,0,0,18
2022-02-25,19,-4,7.5,-13.3,57,0,0,0,19
2022-02-24,24,5,14.5,-5.8,50,0,0.13,1.4,19
2022-02-23,20,12,16,-3.9,49,0,0.43,7,17
2022-02-22,37,11,24,4.5,41,0,0.16,2.2,13
2022-02-21,44,14,29,9.9,36,0,0,0,13
2022-02-20,26,-2,12,-6.7,53,0,0,0,13
2022-02-19,27,-1,13,-5.3,52,0,0,0,14
2022-02-18,26,5,15.5,-2.4,49,0,0,0,14
2022-02-17,32,-4,14,-3.5,51,0,0.1,0.7,14
2022-02-16,32,10,21,3.8,44,0,0.1,1.7,15
2022-02-15,17,-8,4.5,-12.4,60,0,0,0,13
2022-02-14,15,-15,0,-16.6,65,0,0,0,13
2022-02-13,15,-16,-0.5,-16.8,65,0,0,0,13
2022-02-12,40,-12,14,-2,51,0,0.12,2.2,13
2022-02-11,36,13,24.5,8.8,40,0,0,0,12
2022-02-10,25,9,17,1.5,48,0,0,0,12
2022-02-09,17,-10,3.5,-11.7,61,0,0,0,12
2022-02-08,14,-16,-1,-16,66,0,0,0,13
2022-02-07,26,-16,5,-9.8,60,0,T,0.8,13
2022-02-06,7,-24,-8.5,-23.1,73,0,0,0,13
2022-02-05,6,-24,-9,-23.4,74,0,0,0,13
2022-02-04,1,-26,-12.5,-26.8,77,0,0,0,13
2022-02-03,15,-28,-6.5,-20.6,71,0,0,0,13
2022-02-02,17,-9,4,-10,61,0,T,0.4,13
2022-02-01,20,-16,2,-11.8,63,0,0,0,13
2022-01-31,-1,-31,-16,-29.7,81,0,0,0,13
2022-01-30,0,-30,-15,-28.6,80,0,0,0,13
2022-01-29,2,-28,-13,-26.5,78,0,0,0,13
2022-01-28,20,-21,-0.5,-13.8,65,0,0.01,0.3,13
2022-01-27,6,-15,-4.5,-17.7,69,0,T,T,13
2022-01-26,24,-18,3,-10.1,62,0,0.01,0.5,13
2022-01-25,12,-11,0.5,-12.5,64,0,0.19,2.5,13
2022-01-24,10,-16,-3,-16,68,0,0,0,11
2022-01-23,14,-11,1.5,-11.4,63,0,0,0,11
2022-01-22,26,0,13,0.2,52,0,0.02,0.5,11
2022-01-21,20,8,14,1.3,51,0,0,0,10
2022-01-20,18,-1,8.5,-4.1,56,0,T,T,10
2022-01-19,13,-5,4,-8.5,61,0,0,0,10
2022-01-18,11,-12,-0.5,-13,65,0,0,0,10
2022-01-17,10,-15,-2.5,-14.9,67,0,0,0,10
2022-01-16,22,-13,4.5,-7.8,60,0,0,0,10
2022-01-15,29,-3,13,0.7,52,0,0.03,0.6,10
2022-01-14,13,-2,5.5,-6.7,59,0,0,0,10
2022-01-13,11,-8,1.5,-10.6,63,0,0,0,10
2022-01-12,6,-16,-5,-17.1,70,0,0,0,10
2022-01-11,5,-17,-6,-18,71,0,0,0,10
2022-01-10,15,-17,-1,-13,66,0,0,0,10
2022-01-09,38,-8,15,3.1,50,0,0,0,11
2022-01-08,45,26,35.5,23.6,29,0,T,T,11
2022-01-07,44,26,35,23.2,30,0,0,0,11
2022-01-06,36,27,31.5,19.7,33,0,0,0,12
2022-01-05,33,-3,15,3.2,50,0,0.08,0.4,12
2022-01-04,-3,-24,-13.5,-25.3,78,0,0,0,12
2022-01-03,2,-26,-12,-23.8,77,0,0,0,13
2022-01-02,17,-23,-3,-14.8,68,0,0,0,13
2022-01-01,23,12,17.5,5.7,47,0,0.33,2.2,14
2021-12-31,29,21,25,13.2,40,0,0.29,3.4,13
2021-12-30,25,12,18.5,6.7,46,0,T,T,9
2021-12-29,25,8,16.5,4.6,48,0,0.11,2.3,10
2021-12-28,28,10,19,7,46,0,0.05,0.8,10
2021-12-27,32,3,17.5,5.5,47,0,0.06,0.8,11
2021-12-26,34,1,17.5,5.4,47,0,0.12,2.1,12
2021-12-25,37,9,23,10.7,42,0,0.23,2.3,10
2021-12-24,40,25,32.5,20.1,32,0,0.82,8.1,8
2021-12-23,39,8,23.5,11,41,0,0,0,T
2021-12-22,42,-7,17.5,4.8,47,0,0,0,T
2021-12-21,29,-4,12.5,-0.4,52,0,0,0,T
2021-12-20,26,-8,9,-4.1,56,0,0,0,T
2021-12-19,24,-9,7.5,-5.8,57,0,0,0,T
2021-12-18,27,-9,9,-4.6,56,0,0,0,T
2021-12-17,27,-8,9.5,-4.3,55,0,0,0,T
2021-12-16,35,14,24.5,10.4,40,0,0,0,T
2021-12-15,34,12,23,8.6,42,0,0,0,T
2021-12-14,41,3,22,7.3,43,0,0,0,T
2021-12-13,42,0,21,6,44,0,0,0,1
2021-12-12,41,3,22,6.6,43,0,0.14,1.1,1
2021-12-11,23,-2,10.5,-5.3,54,0,0,0,0
2021-12-10,32,12,22,5.9,43,0,0.13,0.9,1
2021-12-09,39,31,35,18.5,30,0,0.02,T,T
2021-12-08,44,12,28,11,37,0,0,0,0
2021-12-07,40,17,28.5,11.1,36,0,0,0,0
2021-12-06,52,10,31,13.2,34,0,0,0,0
2021-12-05,53,21,37,18.7,28,0,0,0,0
2021-12-04,51,10,30.5,11.7,34,0,0,0,0
2021-12-03,54,11,32.5,13.3,32,0,0,0,0
2021-12-02,55,12,33.5,13.8,31,0,0,0,0
2021-12-01,50,16,33,12.8,32,0,0,0,0
2021-11-30,56,13,34.5,13.8,30,0,0,0,0
2021-11-29,54,12,33,11.8,32,0,0,0,0
2021-11-28,45,12,28.5,6.8,36,0,0,0,0
2021-11-27,44,13,28.5,6.3,36,0,0,0,0
2021-11-26,38,7,22.5,-0.3,42,0,0,0,0
2021-11-25,38,5,21.5,-1.8,43,0,T,T,0
2021-11-24,52,10,31,7.2,34,0,0.01,0.3,T
2021-11-23,51,7,29,4.7,36,0,0,0,0
2021-11-22,44,10,27,2.2,38,0,0,0,0
2021-11-21,45,18,31.5,6.2,33,0,0,0,0
2021-11-20,51,30,40.5,14.6,24,0,T,T,0
2021-11-19,42,14,28,1.6,37,0,T,T,0
2021-11-18,35,3,19,-7.9,46,0,0,0,0
2021-11-17,55,12,33.5,6.1,31,0,0,0,0
2021-11-16,60,35,47.5,19.6,17,0,0,0,0
2021-11-15,57,27,42,13.7,23,0,0,0,0
2021-11-14,55,25,40,11.2,25,0,0,0,0
2021-11-13,49,35,42,12.7,23,0,0,0,0
2021-11-12,42,35,38.5,8.7,26,0,T,T,0
2021-11-11,42,26,34,3.8,31,0,T,0,0
2021-11-10,55,33,44,13.3,21,0,0,0,0
2021-11-09,57,20,38.5,7.4,26,0,0,0,0
2021-11-08,62,21,41.5,9.9,23,0,0,0,0
2021-11-07,62,28,45,13,20,0,0,0,0
2021-11-06,61,19,40,7.6,25,0,0,0,0
2021-11-05,56,22,39,6.2,26,0,0,0,0
2021-11-04,47,24,35.5,2.3,29,0,0,0,0
2021-11-03,44,34,39,5.3,26,0,0.05,0,0
2021-11-02,46,35,40.5,6.4,24,0,0.17,0,0
2021-11-01,58,31,44.5,10,20,0,T,0,0
2021-10-31,62,22,42,7.2,23,0,0,0,0
2021-10-30,59,19,39,3.8,26,0,0,0,0
2021-10-29,47,21,34,-1.6,31,0,0,0,0
2021-10-28,41,34,37.5,1.5,27,0,0,0,0
2021-10-27,43,30,36.5,0.1,28,0,0.1,0,0
2021-10-26,72,30,51,14.2,14,0,0,0,0
2021-10-25,56,30,43,5.8,22,0,0,0,0
2021-10-24,58,32,45,7.5,20,0,0.08,0,0
2021-10-23,62,21,41.5,3.6,23,0,0,0,0
2021-10-22,62,18,40,1.7,25,0,0,0,0
2021-10-21,54,19,36.5,-2.2,28,0,0,0,0
2021-10-20,48,19,33.5,-5.6,31,0,0,0,0
2021-10-19,64,29,46.5,7,18,0,T,0,0
2021-10-18,65,24,44.5,4.6,20,0,0,0,0
2021-10-17,58,17,37.5,-2.8,27,0,0,0,0
2021-10-16,42,16,29,-11.7,36,0,0,0,0
2021-10-15,37,26,31.5,-9.6,33,0,T,T,T
2021-10-14,39,25,32,-9.5,33,0,T,0.1,T
2021-10-13,52,26,39,-2.9,26,0,0,0,0
2021-10-12,61,28,44.5,2.2,20,0,0,0,0
2021-10-11,49,21,35,-7.7,30,0,0,0,0
2021-10-10,56,31,43.5,0.4,21,0,0.01,0,0
2021-10-09,60,36,48,4.5,17,0,T,0,0
2021-10-08,67,32,49.5,5.6,15,0,0,0,0
2021-10-07,63,29,46,1.6,19,0,0,0,0
2021-10-06,73,34,53.5,8.7,11,0,0,0,0
2021-10-05,71,29,50,4.8,15,0,0,0,0
2021-10-04,67,30,48.5,2.9,16,0,0,0,0
2021-10-03,63,30,46.5,0.5,18,0,0,0,0
2021-10-02,63,35,49,2.5,16,0,0.01,0,0
2021-10-01,64,34,49,2.1,16,0,0,0,0
2021-09-30,57,41,49,1.7,16,0,0.07,0,0
2021-09-29,69,39,54,6.3,11,0,0.75,0,0
2021-09-28,80,32,56,7.8,9,0,T,0,0
2021-09-27,78,32,55,6.4,10,0,0,0,0
2021-09-26,78,30,54,5,11,0,0,0,0
2021-09-25,72,30,51,1.6,14,0,0,0,0
2021-09-24,74,29,51.5,1.7,13,0,0,0,0
2021-09-23,74,28,51,0.8,14,0,0,0,0
2021-09-22,64,27,45.5,-5.1,19,0,0,0,0
2021-09-21,55,28,41.5,-9.5,23,0,0,0,0
2021-09-20,71,35,53,1.6,12,0,0.51,0,0
2021-09-19,81,41,61,9.3,4,0,0,0,0
2021-09-18,79,30,54.5,2.4,10,0,0,0,0
2021-09-17,80,32,56,3.5,9,0,0,0,0
2021-09-16,82,31,56.5,3.7,8,0,0,0,0
2021-09-15,76,33,54.5,1.3,10,0,0,0,0
2021-09-14,74,40,57,3.5,8,0,0.06,0,0
2021-09-13,75,40,57.5,3.6,7,0,T,0,0
2021-09-12,82,36,59,4.8,6,0,0,0,0
2021-09-11,87,38,62.5,8,2,0,0,0,0
2021-09-10,86,36,61,6.2,4,0,0,0,0
2021-09-09,84,33,58.5,3.4,6,0,0,0,0
2021-09-08,83,35,59,3.6,6,0,0,0,0
2021-09-07,80,34,57,1.3,8,0,0,0,0
2021-09-06,79,34,56.5,0.5,8,0,0,0,0
2021-09-05,75,33,54,-2.3,11,0,0,0,0
2021-09-04,72,41,56.5,-0.1,8,0,0.12,0,0
2021-09-03,71,46,58.5,1.7,6,0,0.08,0,0
2021-09-02,73,53,63,5.9,2,0,0.42,0,0
2021-09-01,84,37,60.5,3.2,4,0,0,0,0
2021-08-31,83,37,60,2.4,5,0,0,0,0
2021-08-30,84,35,59.5,1.7,5,0,0,0,0
2021-08-29,85,38,61.5,3.4,3,0,0,0,0
2021-08-28,83,38,60.5,2.2,4,0,0,0,0
2021-08-27,75,41,58,-0.5,7,0,0.15,0,0
2021-08-26,83,39,61,2.2,4,0,0,0,0
2021-08-25,82,36,59,0,6,0,0,0,0
2021-08-24,81,42,61.5,2.3,3,0,0,0,0
2021-08-23,79,38,58.5,-0.9,6,0,0,0,0
2021-08-22,74,43,58.5,-1.2,6,0,T,0,0
2021-08-21,66,38,52,-7.9,13,0,T,0,0
2021-08-20,67,40,53.5,-6.6,11,0,0.21,0,0
2021-08-19,80,48,64,3.7,1,0,0,0,0
2021-08-18,85,45,65,4.5,0,0,T,0,0
2021-08-17,84,43,63.5,2.8,1,0,0,0,0
2021-08-16,84,42,63,2.1,2,0,0,0,0
2021-08-15,88,47,67.5,6.4,0,3,T,0,0
2021-08-14,88,44,66,4.8,0,1,0.02,0,0
2021-08-13,88,42,65,3.6,0,0,0,0,0
2021-08-12,86,38,62,0.4,3,0,0,0,0
2021-08-11,82,39,60.5,-1.3,4,0,T,0,0
2021-08-10,84,41,62.5,0.6,2,0,0,0,0
2021-08-09,83,41,62,-0.1,3,0,0,0,0
2021-08-08,70,39,54.5,-7.8,10,0,0,0,0
2021-08-07,84,47,65.5,3.1,0,1,0,0,0
2021-08-06,84,44,64,1.5,1,0,0,0,0
2021-08-05,77,43,60,-2.7,5,0,0,0,0
2021-08-04,65,50,57.5,-5.3,7,0,0.41,0,0
2021-08-03,77,55,66,3.1,0,1,0.16,0,0
2021-08-02,80,50,65,2,0,0,0,0,0
2021-08-01,79,51,65,1.9,0,0,T,0,0
2021-07-31,84,54,69,5.8,0,4,0.03,0,0
2021-07-30,88,52,70,6.7,0,5,0.47,0,0
2021-07-29,90,53,71.5,8.1,0,7,0,0,0
2021-07-28,90,48,69,5.6,0,4,0,0,0
2021-07-27,89,44,66.5,3,0,2,0,0,0
2021-07-26,86,46,66,2.5,0,1,0,0,0
2021-07-25,81,50,65.5,2,0,1,0,0,0
2021-07-24,82,53,67.5,4,0,3,0,0,0
2021-07-23,85,52,68.5,5,0,4,0,0,0
2021-07-22,81,50,65.5,2,0,1,0.06,0,0
2021-07-21,87,50,68.5,5,0,4,0,0,0
2021-07-20,90,45,67.5,4,0,3,0,0,0
2021-07-19,89,45,67,3.6,0,2,0,0,0
2021-07-18,83,44,63.5,0.1,1,0,0,0,0
2021-07-17,79,46,62.5,-0.8,2,0,0,0,0
2021-07-16,81,42,61.5,-1.7,3,0,0.01,0,0
2021-07-15,73,41,57,-6.1,8,0,0.19,0,0
2021-07-14,80,47,63.5,0.5,1,0,0.04,0,0
2021-07-13,88,46,67,4.1,0,2,0,0,0
2021-07-12,85,43,64,1.3,1,0,0,0,0
2021-07-11,82,40,61,-1.6,4,0,0,0,0
2021-07-10,92,42,67,4.6,0,2,0,0,0
2021-07-09,89,48,68.5,6.2,0,4,0,0,0
2021-07-08,86,50,68,5.9,0,3,0,0,0
2021-07-07,82,47,64.5,2.6,0,0,0,0,0
2021-07-06,86,49,67.5,5.7,0,3,0.02,0,0
2021-07-05,86,50,68,6.4,0,3,0,0,0
2021-07-04,82,46,64,2.6,1,0,0.03,0,0
2021-07-03,77,45,61,-0.2,4,0,0.08,0,0
2021-07-02,78,44,61,0.1,4,0,0.19,0,0
2021-07-01,77,50,63.5,2.8,1,0,T,0,0
2021-06-30,78,44,61,0.5,4,0,T,0,0
2021-06-29,70,39,54.5,-5.8,10,0,0,0,0
2021-06-28,69,39,54,-6.1,11,0,0.02,0,0
2021-06-27,64,45,54.5,-5.3,10,0,T,0,0
2021-06-26,66,50,58,-1.6,7,0,0.18,0,0
2021-06-25,81,46,63.5,4.2,1,0,0,0,0
2021-06-24,72,46,59,-0.1,6,0,0.02,0,0
2021-06-23,86,43,64.5,5.6,0,0,0,0,0
2021-06-22,78,39,58.5,-0.1,6,0,0,0,0
2021-06-21,86,44,65,6.6,0,0,0,0,0
2021-06-20,81,41,61,2.9,4,0,0,0,0
2021-06-19,84,51,67.5,9.6,0,3,0,0,0
2021-06-18,90,45,67.5,9.9,0,3,0,0,0
2021-06-17,90,43,66.5,9.1,0,2,0,0,0
2021-06-16,82,44,63,5.9,2,0,0,0,0
2021-06-15,92,41,66.5,9.7,0,2,0,0,0
2021-06-14,90,41,65.5,8.9,0,1,0,0,0
2021-06-13,86,38,62,5.7,3,0,0,0,0
2021-06-12,81,35,58,1.9,7,0,0,0,0
2021-06-11,85,36,60.5,4.7,4,0,0,0,0
2021-06-10,86,40,63,7.5,2,0,0,0,0
2021-06-09,83,34,58.5,3.2,6,0,0,0,0
2021-06-08,81,38,59.5,4.5,5,0,0,0,0
2021-06-07,78,39,58.5,3.8,6,0,0.14,0,0
2021-06-06,83,42,62.5,8.1,2,0,0.23,0,0
2021-06-05,85,41,63,8.9,2,0,0,0,0
2021-06-04,81,40,60.5,6.6,4,0,0,0,0
2021-06-03,71,36,53.5,-0.1,11,0,0,0,0
2021-06-02,69,41,55,1.7,10,0,0,0,0
2021-06-01,66,34,50,-3,15,0,0,0,0
2021-05-31,63,37,50,-2.7,15,0,0.31,0,0
2021-05-30,72,41,56.5,4.1,8,0,T,0,0
2021-05-29,73,33,53,1,12,0,0,0,0
2021-05-28,71,29,50,-1.7,15,0,0,0,0
2021-05-27,71,34,52.5,1.1,12,0,0,0,0
2021-05-26,69,26,47.5,-3.6,17,0,0,0,0
2021-05-25,M,M,M,M,M,M,0,0,0
2021-05-24,60,23,41.5,-8.9,23,0,0,0,0
2021-05-23,73,41,57,6.9,8,0,0,0,0
2021-05-22,67,33,50,0.3,15,0,0,0,0
2021-05-21,73,40,56.5,7.1,8,0,0,0,0
2021-05-20,70,37,53.5,4.5,11,0,0.02,0,0
2021-05-19,66,35,50.5,1.8,14,0,0,0,0
2021-05-18,64,40,52,3.7,13,0,0.11,0,0
2021-05-17,73,30,51.5,3.6,13,0,0.02,0,0
2021-05-16,73,34,53.5,5.9,11,0,0,0,0
2021-05-15,65,30,47.5,0.3,17,0,0,0,0
2021-05-14,67,32,49.5,2.7,15,0,0,0,0
2021-05-13,57,26,41.5,-5,23,0,0,0,0
2021-05-12,44,25,34.5,-11.6,30,0,0.02,T,0
2021-05-11,39,28,33.5,-12.3,31,0,0.52,0.8,1
2021-05-10,52,33,42.5,-2.9,22,0,0.04,0,0
2021-05-09,57,34,45.5,0.5,19,0,0,0,0
2021-05-08,74,36,55,10.3,10,0,0,0,0
2021-05-07,73,29,51,6.7,14,0,0,0,0
2021-05-06,57,26,41.5,-2.5,23,0,0,0,0
2021-05-05,57,33,45,1.3,20,0,0,0,0
2021-05-04,48,32,40,-3.3,25,0,T,T,T
2021-05-03,51,33,42,-1,23,0,0.26,0,0
2021-05-02,75,40,57.5,14.8,7,0,0.11,0,0
2021-05-01,75,30,52.5,10.1,12,0,0,0,0
2021-04-30,67,25,46,3.9,19,0,0,0,0
2021-04-29,56,24,40,-1.8,25,0,0,0,0
2021-04-28,52,33,42.5,1,22,0,0.31,0,0
2021-04-27,62,30,46,4.8,19,0,0,0,0
2021-04-26,67,33,50,9.1,15,0,0,0,0
2021-04-25,60,36,48,7.3,17,0,0,0,0
2021-04-24,39,20,29.5,-10.9,35,0,0.16,0,0
2021-04-23,40,23,31.5,-8.7,33,0,0.13,0.2,0
2021-04-22,39,21,30,-9.9,35,0,0.09,0.2,0
2021-04-21,41,17,29,-10.7,36,0,T,T,0
2021-04-20,54,10,32,-7.5,33,0,0.06,0.1,0
2021-04-19,50,22,36,-3.3,29,0,0,0,0
2021-04-18,41,15,28,-11,37,0,0,0,0
2021-04-17,37,25,31,-7.8,34,0,0,0,0
2021-04-16,44,22,33,-5.6,32,0,0.26,0.4,T
2021-04-15,58,29,43.5,5.1,21,0,T,T,0
2021-04-14,48,25,36.5,-1.7,28,0,0.17,1.4,1
2021-04-13,52,27,39.5,1.4,25,0,0,0,0
2021-04-12,58,18,38,0.1,27,0,0,0,0
2021-04-11,59,16,37.5,-0.2,27,0,0,0,0
2021-04-10,47,16,31.5,-6,33,0,0,0,0
2021-04-09,59,26,42.5,5.2,22,0,0,0,0
2021-04-08,50,23,36.5,-0.6,28,0,0,0,0
2021-04-07,50,30,40,3.1,25,0,0,0,0
2021-04-06,67,31,49,12.3,16,0,0,0,0
2021-04-05,66,23,44.5,8,20,0,0,0,0
2021-04-04,68,22,45,8.7,20,0,0,0,0
2021-04-03,64,20,42,6,23,0,0,0,0
2021-04-02,60,17,38.5,2.7,26,0,0,0,0
2021-04-01,46,14,30,-5.6,35,0,0,0,0
2021-03-31,35,15,25,-10.3,40,0,0,0,0
2021-03-30,57,18,37.5,2.4,27,0,T,T,T
2021-03-29,54,32,43,8.2,22,0,0,0,0
2021-03-28,46,18,32,-2.5,33,0,0,0,0
2021-03-27,43,24,33.5,-0.7,31,0,T,T,T
2021-03-26,41,22,31.5,-2.4,33,0,T,T,T
2021-03-25,39,17,28,-5.6,37,0,0,0,T
2021-03-24,37,20,28.5,-4.7,36,0,T,T,1
2021-03-23,41,18,29.5,-3.4,35,0,0,0,3
2021-03-22,37,24,30.5,-2,34,0,0.14,0.3,4
2021-03-21,58,26,42,9.9,23,0,0.4,4,5
2021-03-20,56,23,39.5,7.8,25,0,0,0,2
2021-03-19,44,17,30.5,-0.8,34,0,0,0,2
2021-03-18,40,14,27,-3.9,38,0,0,0,3
2021-03-17,41,23,32,1.5,33,0,0.2,3.1,3
2021-03-16,42,19,30.5,0.5,34,0,0.01,T,T
2021-03-15,32,16,24,-5.6,41,0,0.09,2.3,T
2021-03-14,45,12,28.5,-0.6,36,0,0.03,0.6,T
2021-03-13,44,18,31,2.3,34,0,0,0,T
2021-03-12,45,12,28.5,0.3,36,0,0,0,T
2021-03-11,32,8,20,-7.7,45,0,0,0,T
2021-03-10,49,25,37,9.8,28,0,0.04,0.5,1
2021-03-09,49,19,34,7.3,31,0,0,0,T
2021-03-08,54,18,36,9.8,29,0,0,0,T
2021-03-07,39,11,25,-0.7,40,0,0,0,1
2021-03-06,40,8,24,-1.2,41,0,0,0,1
2021-03-05,33,8,20.5,-4.2,44,0,0.05,2,2
2021-03-04,37,6,21.5,-2.7,43,0,T,T,1
2021-03-03,33,-2,15.5,-8.2,49,0,0,0,2
2021-03-02,26,-7,9.5,-13.7,55,0,0,0,2
2021-03-01,23,-11,6,-16.7,59,0,0,0,3
2021-02-28,32,-7,12.5,-9.7,52,0,0,0,3
2021-02-27,32,3,17.5,-4.2,47,0,0.15,1.8,3
2021-02-26,30,1,15.5,-5.7,49,0,0,0,4
2021-02-25,35,8,21.5,0.7,43,0,0.19,1.7,4
2021-02-24,44,6,25,4.7,40,0,0,0,3
2021-02-23,37,6,21.5,1.6,43,0,0,0,3
2021-02-22,27,16,21.5,2,43,0,0,0,3
2021-02-21,38,5,21.5,2.4,43,0,T,T,4
2021-02-20,31,3,17,-1.7,48,0,0,0,4
2021-02-19,23,-3,10,-8.3,55,0,0,0,4
2021-02-18,27,-2,12.5,-5.4,52,0,0,0,4
2021-02-17,29,6,17.5,0,47,0,T,T,4
2021-02-16,24,-1,11.5,-5.7,53,0,0.01,0.1,5
2021-02-15,28,-4,12,-4.9,53,0,0,0,5
2021-02-14,35,2,18.5,1.9,46,0,0.36,2.4,5
2021-02-13,39,25,32,15.7,33,0,0.28,2.5,3
2021-02-12,38,30,34,18,31,0,T,0.2,1
2021-02-11,40,26,33,17.3,32,0,0.03,0.5,1
2021-02-10,40,29,34.5,19,30,0,0,0,T
2021-02-09,41,22,31.5,16.3,33,0,0,0,1
2021-02-08,39,27,33,18,32,0,0,0,1
2021-02-07,37,17,27,12.2,38,0,0,0,1
2021-02-06,25,17,21,6.4,44,0,0.21,0.8,1
2021-02-05,26,16,21,6.6,44,0,0.07,0.2,T
2021-02-04,44,10,27,12.7,38,0,0,0,1
2021-02-03,44,16,30,15.9,35,0,0,0,1
2021-02-02,28,5,16.5,2.5,48,0,0,0,1
2021-02-01,35,-2,16.5,2.7,48,0,T,0.6,1
2021-01-31,33,9,21,7.3,44,0,0,0,T
2021-01-30,43,13,28,14.4,37,0,0,0,T
2021-01-29,41,6,23.5,10,41,0,0,0,1
2021-01-28,35,8,21.5,8.2,43,0,0,0,1
2021-01-27,19,-3,8,-5.2,57,0,0.05,0.3,1
2021-01-26,29,4,16.5,3.4,48,0,0,0,1
2021-01-25,29,4,16.5,3.5,48,0,T,T,1
2021-01-24,34,-1,16.5,3.5,48,0,0,0,1
2021-01-23,41,20,30.5,17.6,34,0,0.13,1.6,2
2021-01-22,39,19,29,16.2,36,0,0,0,T
2021-01-21,33,8,20.5,7.8,44,0,0,0,T
2021-01-20,27,-5,11,-1.6,54,0,0,0,1
2021-01-19,30,-2,14,1.5,51,0,0,0,1
2021-01-18,38,18,28,15.5,37,0,T,T,1
2021-01-17,33,18,25.5,13.1,39,0,T,T,1
2021-01-16,36,10,23,10.7,42,0,T,T,1
2021-01-15,27,4,15.5,3.2,49,0,0,0,1
2021-01-14,36,11,23.5,11.3,41,0,T,T,1
2021-01-13,15,-15,0,-12.1,65,0,0,0,1
2021-01-12,16,-18,-1,-13.1,66,0,0,0,1
2021-01-11,21,-19,1,-11,64,0,0,0,1
2021-01-10,24,-11,6.5,-5.5,58,0,0,0,1
2021-01-09,25,-4,10.5,-1.4,54,0,0,0,1
2021-01-08,23,-8,7.5,-4.4,57,0,0,0,1
2021-01-07,27,-8,9.5,-2.3,55,0,T,T,1
2021-01-06,34,-2,16,4.2,49,0,0,0,1
2021-01-05,32,4,18,6.2,47,0,T,0.2,2
2021-01-04,32,5,18.5,6.7,46,0,0,0,2
2021-01-03,21,5,13,1.2,52,0,0,0,3
2021-01-02,25,-6,9.5,-2.3,55,0,0,0,3
2021-01-01,23,-8,7.5,-4.3,57,0,0,0,4
2020-12-31,8,-7,0.5,-11.3,64,0,0,0,5
2020-12-30,28,-23,2.5,-9.3,62,0,0,0,6
2020-12-29,21,7,14,2.1,51,0,0.29,5.7,6
2020-12-28,31,1,16,4,49,0,0,0,1
2020-12-27,30,-1,14.5,2.5,50,0,T,T,1
2020-12-26,25,-5,10,-2.1,55,0,0,0,1
2020-12-25,24,-7,8.5,-3.8,56,0,0,0,1
2020-12-24,18,-3,7.5,-4.9,57,0,0,0,2
2020-12-23,44,11,27.5,15,37,0,T,T,2
2020-12-22,42,10,26,13.3,39,0,0,0,3
2020-12-21,40,17,28.5,15.6,36,0,0,0,3
2020-12-20,30,4,17,3.9,48,0,0,0,3
2020-12-19,34,-3,15.5,2.2,49,0,0,0,3
2020-12-18,28,-5,11.5,-2.1,53,0,0.04,0.8,4
2020-12-17,26,-4,11,-2.8,54,0,0,0,3
2020-12-16,25,5,15,0.9,50,0,0,0,3
2020-12-15,23,4,13.5,-0.9,51,0,0.05,0.2,3
2020-12-14,17,-9,4,-10.7,61,0,0.01,0.6,3
2020-12-13,22,-14,4,-11,61,0,0.04,0.6,2
2020-12-12,27,-1,13,-2.4,52,0,0.08,0.8,1
2020-12-11,24,5,14.5,-1.3,50,0,0.04,0.6,1
2020-12-10,36,-5,15.5,-0.6,49,0,0,0,0
2020-12-09,38,-5,16.5,0,48,0,0,0,0
2020-12-08,38,-3,17.5,0.5,47,0,0,0,0
2020-12-07,39,-1,19,1.6,46,0,0,0,0
2020-12-06,39,1,20,2.2,45,0,0,0,0
2020-12-05,28,-1,13.5,-4.8,51,0,0,0,0
2020-12-04,28,-2,13,-5.8,52,0,0,0,0
2020-12-03,25,-5,10,-9.2,55,0,0,0,0
2020-12-02,29,4,16.5,-3.2,48,0,0,0,0
2020-12-01,35,8,21.5,1.3,43,0,0,0,0
2020-11-30,36,-1,17.5,-3.2,47,0,0,0,0
2020-11-29,34,3,18.5,-2.7,46,0,0,0,0
2020-11-28,41,3,22,0.3,43,0,0,0,0
2020-11-27,39,4,21.5,-0.7,43,0,0,0,0
2020-11-26,40,M,M,M,M,M,T,0.2,0
2020-11-25,41,10,25.5,2.2,39,0,0,0,0
2020-11-24,35,20,27.5,3.7,37,0,0,0,0
2020-11-23,49,27,38,13.7,27,0,0.05,T,0
2020-11-22,49,8,28.5,3.7,36,0,0,0,0
2020-11-21,46,22,34,8.7,31,0,0,0,0
2020-11-20,54,24,39,13.1,26,0,0,0,0
2020-11-19,59,36,47.5,21.1,17,0,0,0,0
2020-11-18,55,24,39.5,12.6,25,0,0,0,0
2020-11-17,53,18,35.5,8.1,29,0,0,0,0
2020-11-16,41,14,27.5,-0.4,37,0,0,0,0
2020-11-15,39,19,29,0.7,36,0,0,0,0
2020-11-14,45,21,33,4.2,32,0,0.09,0.7,1
2020-11-13,34,6,20,-9.3,45,0,0,0,0
2020-11-12,36,20,28,-1.8,37,0,T,0,0
2020-11-11,33,17,25,-5.2,40,0,0,0,0
2020-11-10,32,16,24,-6.7,41,0,T,0.1,0
2020-11-09,39,22,30.5,-0.6,34,0,0.02,0.4,T
2020-11-08,55,21,38,6.4,27,0,0.25,0,T
2020-11-07,46,21,33.5,1.5,31,0,0,0,T
2020-11-06,55,19,37,4.6,28,0,0,0,T
2020-11-05,51,20,35.5,2.7,29,0,0,0,2
2020-11-04,43,16,29.5,-3.7,35,0,0,0,2
2020-11-03,47,14,30.5,-3.2,34,0,0,0,3
2020-11-02,45,13,29,-5.1,36,0,0,0,3
2020-11-01,51,9,30,-4.5,35,0,0,0,3
2020-10-31,26,5,15.5,-19.3,49,0,0,0,4
2020-10-30,27,9,18,-17.2,47,0,0,0,5
2020-10-29,22,4,13,-22.6,52,0,0,0,6
2020-10-28,11,-3,4,-32,61,0,0,0,8
2020-10-27,14,-7,3.5,-32.9,61,0,0,0,8
2020-10-26,32,3,17.5,-19.3,47,0,1.05,9.9,10
2020-10-25,59,29,44,6.8,21,0,0,0,0
2020-10-24,51,18,34.5,-3,30,0,0,0,0
2020-10-23,66,15,40.5,2.6,24,0,0,0,0
2020-10-22,69,23,46,7.7,19,0,0,0,0
2020-10-21,66,22,44,5.3,21,0,0,0,0
2020-10-20,67,27,47,7.9,18,0,0,0,0
2020-10-19,67,29,48,8.5,17,0,0,0,0
2020-10-18,62,36,49,9.1,16,0,0,0,0
2020-10-17,61,20,40.5,0.2,24,0,0,0,0
2020-10-16,50,17,33.5,-7.2,31,0,0,0,0
2020-10-15,69,35,52,10.9,13,0,0,0,0
2020-10-14,70,40,55,13.5,10,0,0,0,0
2020-10-13,63,22,42.5,0.6,22,0,0.01,0,0
2020-10-12,44,17,30.5,-11.8,34,0,0,0,0
2020-10-11,74,40,57,14.3,8,0,0,0,0
2020-10-10,75,27,51,7.9,14,0,0,0,0
2020-10-09,75,23,49,5.5,16,0,0,0,0
2020-10-08,79,23,51,7.1,14,0,0,0,0
2020-10-07,77,22,49.5,5.1,15,0,0,0,0
2020-10-06,72,23,47.5,2.7,17,0,0,0,0
2020-10-05,74,25,49.5,4.3,15,0,0,0,0
2020-10-04,68,23,45.5,-0.1,19,0,0,0,0
2020-10-03,66,24,45,-1,20,0,0,0,0
2020-10-02,71,25,48,1.5,17,0,0,0,0
2020-10-01,73,23,48,1.1,17,0,0,0,0
2020-09-30,73,22,47.5,0.2,17,0,0,0,0
2020-09-29,58,20,39,-8.7,26,0,0,0,0
2020-09-28,58,18,38,-10.2,27,0,0,0,0
2020-09-27,78,48,63,14.4,2,0,0,0,0
2020-09-26,79,39,59,10,6,0,0,0,0
2020-09-25,80,32,56,6.6,9,0,0,0,0
2020-09-24,74,31,52.5,2.7,12,0,0,0,0
2020-09-23,76,33,54.5,4.3,10,0,0,0,0
2020-09-22,78,32,55,4.4,10,0,0,0,0
2020-09-21,76,31,53.5,2.5,11,0,0,0,0
2020-09-20,77,38,57.5,6.1,7,0,T,0,0
2020-09-19,78,34,56,4.3,9,0,0,0,0
2020-09-18,77,32,54.5,2.4,10,0,0,0,0
2020-09-17,76,30,53,0.5,12,0,0,0,0
2020-09-16,78,30,54,1.2,11,0,0,0,0
2020-09-15,79,30,54.5,1.3,10,0,0,0,0
2020-09-14,78,30,54,0.5,11,0,0,0,0
2020-09-13,73,28,50.5,-3.4,14,0,0,0,0
2020-09-12,61,28,44.5,-9.7,20,0,0,0,0
2020-09-11,59,38,48.5,-6,16,0,0.04,0,0
2020-09-10,51,29,40,-14.8,25,0,0,0,0
2020-09-09,44,28,36,-19.1,29,0,0.05,0.3,0
2020-09-08,82,32,57,1.6,8,0,0.01,0.1,T
2020-09-07,86,35,60.5,4.8,4,0,0,0,0
2020-09-06,89,36,62.5,6.5,2,0,0,0,0
2020-09-05,86,37,61.5,5.2,3,0,0,0,0
2020-09-04,83,34,58.5,1.9,6,0,0,0,0
2020-09-03,80,34,57,0.2,8,0,0,0,0
2020-09-02,70,32,51,-6.1,14,0,0,0,0
2020-09-01,75,37,56,-1.3,9,0,0.01,0,0
2020-08-31,74,37,55.5,-2.1,9,0,0.01,0,0
2020-08-30,70,40,55,-2.8,10,0,0.11,0,0
2020-08-29,79,42,60.5,2.4,4,0,0.17,0,0
2020-08-28,86,44,65,6.7,0,0,0,0,0
2020-08-27,82,43,62.5,4,2,0,0,0,0
2020-08-26,87,47,67,8.2,0,2,0,0,0
2020-08-25,87,44,65.5,6.5,0,1,0.01,0,0
2020-08-24,87,44,65.5,6.3,0,1,0,0,0
2020-08-23,87,41,64,4.6,1,0,0,0,0
2020-08-22,85,40,62.5,2.8,2,0,0,0,0
2020-08-21,85,42,63.5,3.6,1,0,0,0,0
2020-08-20,85,44,64.5,4.4,0,0,0,0,0
2020-08-19,90,48,69,8.7,0,4,0,0,0
2020-08-18,89,44,66.5,6,0,2,0,0,0
2020-08-17,88,44,66,5.3,0,1,0,0,0
2020-08-16,86,36,61,0.1,4,0,0,0,0
2020-08-15,87,38,62.5,1.4,2,0,0,0,0
2020-08-14,86,36,61,-0.2,4,0,0,0,0
2020-08-13,83,36,59.5,-1.9,5,0,0,0,0
2020-08-12,86,37,61.5,-0.1,3,0,0,0,0
2020-08-11,85,43,64,2.2,1,0,0,0,0
2020-08-10,85,40,62.5,0.6,2,0,0,0,0
2020-08-09,86,37,61.5,-0.6,3,0,0,0,0
2020-08-08,86,37,61.5,-0.8,3,0,0,0,0
2020-08-07,86,38,62,-0.4,3,0,0,0,0
2020-08-06,86,50,68,5.5,0,3,0,0,0
2020-08-05,85,48,66.5,3.8,0,2,0,0,0
2020-08-04,89,48,68.5,5.7,0,4,0,0,0
2020-08-03,85,43,64,1.1,1,0,0,0,0
2020-08-02,86,47,66.5,3.5,0,2,0,0,0
2020-08-01,84,42,63,-0.1,2,0,0,0,0
2020-07-31,79,41,60,-3.2,5,0,0,0,0
2020-07-30,81,43,62,-1.3,3,0,0,0,0
2020-07-29,69,43,56,-7.4,9,0,0.22,0,0
2020-07-28,86,47,66.5,3.1,0,2,0,0,0
2020-07-27,79,44,61.5,-2,3,0,0,0,0
2020-07-26,67,47,57,-6.5,8,0,0.01,0,0
2020-07-25,76,57,66.5,3,0,2,0.02,0,0
2020-07-24,77,48,62.5,-1,2,0,0.01,0,0
2020-07-23,85,45,65,1.5,0,0,0.01,0,0
2020-07-22,87,44,65.5,2,0,1,0,0,0
2020-07-21,83,42,62.5,-1,2,0,0,0,0
2020-07-20,82,42,62,-1.5,3,0,0,0,0
2020-07-19,83,45,64,0.6,1,0,0.07,0,0
2020-07-18,79,44,61.5,-1.9,3,0,0.01,0,0
2020-07-17,82,42,62,-1.3,3,0,0,0,0
2020-07-16,83,41,62,-1.2,3,0,0.01,0,0
2020-07-15,83,45,64,0.9,1,0,0.01,0,0
2020-07-14,86,50,68,5,0,3,0.01,0,0
2020-07-13,82,50,66,3.1,0,1,0,0,0
2020-07-12,89,44,66.5,3.8,0,2,0,0,0
2020-07-11,89,39,64,1.4,1,0,0,0,0
2020-07-10,87,35,61,-1.4,4,0,0,0,0
2020-07-09,84,38,61,-1.3,4,0,0,0,0
2020-07-08,88,36,62,-0.1,3,0,0,0,0
2020-07-07,85,43,64,2.1,1,0,0,0,0
2020-07-06,81,42,61.5,-0.3,3,0,0,0,0
2020-07-05,83,44,63.5,1.9,1,0,0,0,0
2020-07-04,85,47,66,4.6,0,1,0,0,0
2020-07-03,83,43,63,1.8,2,0,0,0,0
2020-07-02,79,38,58.5,-2.4,6,0,0,0,0
2020-07-01,68,32,50,-10.7,15,0,0.01,0,0
2020-06-30,82,44,63,2.5,2,0,0,0,0
2020-06-29,81,42,61.5,1.2,3,0,0,0,0
2020-06-28,78,44,61,0.9,4,0,0,0,0
2020-06-27,80,39,59.5,-0.3,5,0,0.03,0,0
2020-06-26,81,43,62,2.4,3,0,0.05,0,0
2020-06-25,83,43,63,3.7,2,0,0,0,0
2020-06-24,78,40,59,-0.1,6,0,0,0,0
2020-06-23,80,41,60.5,1.6,4,0,0,0,0
2020-06-22,75,40,57.5,-1.1,7,0,0,0,0
2020-06-21,75,40,57.5,-0.9,7,0,0,0,0
2020-06-20,67,31,49,-9.1,16,0,0,0,0
2020-06-19,75,45,60,2.1,5,0,0.01,0,0
2020-06-18,79,41,60,2.4,5,0,0,0,0
2020-06-17,82,41,61.5,4.1,3,0,0,0,0
2020-06-16,80,37,58.5,1.4,6,0,0,0,0
2020-06-15,78,33,55.5,-1.3,9,0,0,0,0
2020-06-14,80,43,61.5,4.9,3,0,0.01,0,0
2020-06-13,83,43,63,6.7,2,0,0,0,0
2020-06-12,75,35,55,-1.1,10,0,0,0,0
2020-06-11,66,32,49,-6.8,16,0,0,0,0
2020-06-10,54,37,45.5,-10,19,0,0,0,0
2020-06-09,70,34,52,-3.3,13,0,0.28,0.1,0
2020-06-08,75,35,55,0,10,0,0,0,0
2020-06-07,71,34,52.5,-2.2,12,0,0.02,0,0
2020-06-06,87,53,70,15.6,0,5,0.22,0,0
2020-06-05,75,41,58,3.9,7,0,0.01,0,0
2020-06-04,78,41,59.5,5.6,5,0,0,0,0
2020-06-03,81,37,59,5.4,6,0,0,0,0
2020-06-02,82,48,65,11.7,0,0,0,0,0
2020-06-01,79,44,61.5,8.5,3,0,0,0,0
2020-05-31,78,43,60.5,7.8,4,0,T,0,0
2020-05-30,82,42,62,9.6,3,0,0,0,0
2020-05-29,78,39,58.5,6.5,6,0,0,0,0
2020-05-28,69,38,53.5,1.8,11,0,0,0,0
2020-05-27,69,38,53.5,2.1,11,0,0,0,0
2020-05-26,58,26,42,-9.1,23,0,0,0,0
2020-05-25,49,30,39.5,-11.2,25,0,0.07,0,0
2020-05-24,67,34,50.5,0.1,14,0,0.03,0,0
2020-05-23,71,32,51.5,1.4,13,0,0,0,0
2020-05-22,65,27,46,-3.7,19,0,0,0,0
2020-05-21,70,25,47.5,-1.9,17,0,0,0,0
2020-05-20,82,47,64.5,15.5,0,0,0,0,0
2020-05-19,81,35,58,9.3,7,0,0,0,0
2020-05-18,75,38,56.5,8.2,8,0,0,0,0
2020-05-17,64,34,49,1.1,16,0,0,0,0
2020-05-16,62,37,49.5,1.9,15,0,T,0,0
2020-05-15,60,34,47,-0.2,18,0,T,0,0
2020-05-14,67,37,52,5.2,13,0,0,0,0
2020-05-13,67,33,50,3.5,15,0,0,0,0
2020-05-12,52,35,43.5,-2.6,21,0,0.32,0,0
2020-05-11,68,22,45,-0.8,20,0,0.28,0,0
2020-05-10,60,22,41,-4.4,24,0,0,0,0
2020-05-09,65,30,47.5,2.5,17,0,0,0,0
2020-05-08,65,23,44,-0.7,21,0,0,0,0
2020-05-07,70,37,53.5,9.2,11,0,0,0,0
2020-05-06,61,23,42,-2,23,0,0,0,0
2020-05-05,54,19,36.5,-7.2,28,0,0,0,0
2020-05-04,71,39,55,11.7,10,0,0.02,0,0
2020-05-03,68,32,50,7,15,0,T,0,0
2020-05-02,75,38,56.5,13.8,8,0,0,0,0
2020-05-01,75,36,55.5,13.1,9,0,0,0,0
2020-04-30,73,31,52,9.9,13,0,0,0,0
2020-04-29,62,25,43.5,1.7,21,0,0,0,0
2020-04-28,68,35,51.5,10,13,0,0,0,0
2020-04-27,55,30,42.5,1.3,22,0,0,0,0
2020-04-26,57,28,42.5,1.6,22,0,0,0,0
2020-04-25,49,30,39.5,-1.2,25,0,T,T,T
2020-04-24,52,32,42,1.6,23,0,0.27,T,0
2020-04-23,59,36,47.5,7.3,17,0,0,0,0
2020-04-22,60,28,44,4.1,21,0,0,0,0
2020-04-21,53,25,39,-0.7,26,0,0,0,0
2020-04-20,52,31,41.5,2,23,0,0,0,0
2020-04-19,46,32,39,-0.3,26,0,0.11,T,T
2020-04-18,42,19,30.5,-8.5,34,0,T,T,T
2020-04-17,33,4,18.5,-20.3,46,0,0.02,2.6,3
2020-04-16,46,27,36.5,-2.1,28,0,0.67,5.4,5
2020-04-15,37,22,29.5,-8.9,35,0,0,0,0
2020-04-14,32,7,19.5,-18.7,45,0,0,0,0
2020-04-13,39,15,27,-11.1,38,0,0,0,0
2020-04-12,58,29,43.5,5.6,21,0,0.2,0.6,1
2020-04-11,59,20,39.5,1.8,25,0,0,0,0
2020-04-10,66,32,49,11.5,16,0,0,0,0
2020-04-09,60,20,40,2.7,25,0,0,0,0
2020-04-08,60,20,40,2.9,25,0,0,0,0
2020-04-07,60,20,40,3.1,25,0,0,0,0
2020-04-06,55,21,38,1.3,27,0,0,0,0
2020-04-05,52,24,38,1.5,27,0,0,0,0
2020-04-04,42,21,31.5,-4.8,33,0,0,0,0
2020-04-03,48,17,32.5,-3.5,32,0,0.25,3.5,2
2020-04-02,59,28,43.5,7.7,21,0,T,T,0
2020-04-01,56,26,41,5.4,24,0,0,0,0
2020-03-31,47,28,37.5,2.2,27,0,0,0,0
2020-03-30,44,24,34,-1.1,31,0,0,0,0
2020-03-29,41,15,28,-6.8,37,0,0,0,0
2020-03-28,41,18,29.5,-5,35,0,T,T,0
2020-03-27,53,20,36.5,2.3,28,0,0,0,0
2020-03-26,48,31,39.5,5.6,25,0,0,0,0
2020-03-25,48,28,38,4.4,27,0,0,0,T
2020-03-24,41,25,33,-0.2,32,0,T,0,T
2020-03-23,41,21,31,-1.9,34,0,0,0,T
2020-03-22,45,27,36,3.5,29,0,0,0,1
2020-03-21,37,16,26.5,-5.6,38,0,0,0,1
2020-03-20,33,23,28,-3.7,37,0,0.3,0.5,3
2020-03-19,50,20,35,3.7,30,0,T,T,2
2020-03-18,56,21,38.5,7.6,26,0,0,0,2
2020-03-17,54,24,39,8.5,26,0,0,0,2
2020-03-16,52,22,37,7,28,0,0,0,2
2020-03-15,48,23,35.5,5.9,29,0,0,0,2
2020-03-14,45,25,35,5.9,30,0,0.03,0.5,2
2020-03-13,50,23,36.5,7.8,28,0,0,0,3
2020-03-12,48,22,35,6.8,30,0,0,0,3
2020-03-11,39,19,29,1.3,36,0,T,T,5
2020-03-10,46,25,35.5,8.3,29,0,0,0,8
2020-03-09,51,13,32,5.3,33,0,T,0,9
2020-03-08,40,4,22,-4.2,43,0,0,0,9
2020-03-07,33,0,16.5,-9.2,48,0,0,0,10
2020-03-06,35,0,17.5,-7.7,47,0,0,0,10
2020-03-05,28,-2,13,-11.7,52,0,0,0,13
2020-03-04,29,-2,13.5,-10.7,51,0,0,0,13
2020-03-03,33,-3,15,-8.7,50,0,0,0,13
2020-03-02,40,12,26,2.8,39,0,T,T,13
2020-03-01,26,1,13.5,-9.2,51,0,0,0,13
2020-02-29,29,-9,10,-12.4,55,0,0,0,13
2020-02-28,35,-5,15,-7.2,50,0,0,0,14
2020-02-27,18,-16,1,-20.7,64,0,T,T,14
2020-02-26,20,-20,0,-21.2,65,0,0,0,14
2020-02-25,23,-4,9.5,-11.3,55,0,T,T,14
2020-02-24,28,-5,11.5,-8.8,53,0,0.08,2,14
2020-02-23,30,-12,9,-10.9,56,0,0,0,12
2020-02-22,17,-21,-2,-21.5,67,0,0,0,12
2020-02-21,9,-25,-8,-27.1,73,0,0,0,12
2020-02-20,22,-20,1,-17.7,64,0,0,0,12
2020-02-19,16,-7,4.5,-13.8,60,0,0,0,12
2020-02-18,23,-9,7,-10.9,58,0,T,T,12
2020-02-17,37,21,29,11.5,36,0,0.08,0.8,12
2020-02-16,38,22,30,12.8,35,0,0,0,12
2020-02-15,39,-5,17,0.1,48,0,0,0,12
2020-02-14,27,-8,9.5,-7.1,55,0,0,0,12
2020-02-13,18,0,9,-7.3,56,0,T,T,13
2020-02-12,9,-10,-0.5,-16.5,65,0,0,0,13
2020-02-11,17,-13,2,-13.7,63,0,0,0,14
2020-02-10,25,-2,11.5,-4,53,0,0.05,0.2,15
2020-02-09,42,19,30.5,15.3,34,0,0.13,1.9,15
2020-02-08,35,23,29,14,36,0,0.08,0.2,15
2020-02-07,26,7,16.5,1.7,48,0,0.54,8.9,15
2020-02-06,7,-12,-2.5,-17.1,67,0,T,T,7
2020-02-05,15,-17,-1,-15.4,66,0,0,0,7
2020-02-04,40,6,23,8.7,42,0,0,0,7
2020-02-03,42,2,22,7.9,43,0,T,0.2,7
2020-02-02,32,-4,14,0,51,0,T,0.3,6
2020-02-01,21,-3,9,-4.8,56,0,0,0,6
2020-01-31,26,-7,9.5,-4.2,55,0,0,0,6
2020-01-30,27,5,16,2.4,49,0,T,T,6
2020-01-29,29,13,21,7.5,44,0,0.01,0.5,8
2020-01-28,33,19,26,12.7,39,0,T,T,7
2020-01-27,38,17,27.5,14.3,37,0,T,T,7
2020-01-26,36,22,29,15.9,36,0,0,0,7
2020-01-25,33,16,24.5,11.5,40,0,T,T,8
2020-01-24,33,20,26.5,13.5,38,0,0,0,8
2020-01-23,36,6,21,8.1,44,0,T,T,8
2020-01-22,24,6,15,2.2,50,0,0.03,0.4,8
2020-01-21,8,-8,0,-12.7,65,0,0,0,8
2020-01-20,19,-16,1.5,-11.1,63,0,0,0,8
2020-01-19,18,-11,3.5,-9,61,0,0,0,8
2020-01-18,25,-7,9,-3.5,56,0,0.19,1.3,8
2020-01-17,13,-9,2,-10.4,63,0,0,0,7
2020-01-16,28,-10,9,-3.3,56,0,0,0,7
2020-01-15,37,2,19.5,7.2,45,0,T,T,7
2020-01-14,29,6,17.5,5.3,47,0,T,T,7
2020-01-13,25,-5,10,-2.1,55,0,T,T,7
2020-01-12,10,-15,-2.5,-14.6,67,0,T,0.3,7
2020-01-11,26,-16,5,-7,60,0,0,0,7
2020-01-10,31,2,16.5,4.5,48,0,T,T,7
2020-01-09,35,-5,15,3.1,50,0,T,T,8
2020-01-08,37,-6,15.5,3.6,49,0,0,0,8
2020-01-07,30,10,20,8.2,45,0,0,0,8
2020-01-06,32,12,22,10.2,43,0,0.03,0.4,8
2020-01-05,30,4,17,5.2,48,0,0,0,7
2020-01-04,28,1,14.5,2.7,50,0,0,0,7
2020-01-03,28,13,20.5,8.7,44,0,0,0,7
2020-01-02,28,12,20,8.2,45,0,0.11,0.4,7
2020-01-01,12,-17,-2.5,-14.3,67,0,0,0,7
2019-12-31,6,-22,-8,-19.8,73,0,0,0,7
2019-12-30,14,-25,-5.5,-17.3,70,0,0,0,7
2019-12-29,20,-7,6.5,-5.4,58,0,0,0,7
2019-12-28,12,-8,2,-10,63,0,0.25,2.7,7
2019-12-27,23,-11,6,-6,59,0,0,0,4
2019-12-26,35,-6,14.5,2.4,50,0,0,0,4
2019-12-25,31,-3,14,1.7,51,0,0.01,0.1,4
2019-12-24,31,5,18,5.6,47,0,0,0,4
2019-12-23,21,-2,9.5,-3,55,0,0,0,4
2019-12-22,M,-9,M,M,M,M,0,0,4
2019-12-21,23,-11,6,-6.9,59,0,0,0,4
2019-12-20,3,-20,-8.5,-21.6,73,0,T,T,4
2019-12-19,10,-21,-5.5,-18.8,70,0,0,0,5
2019-12-18,5,-20,-7.5,-21.1,72,0,0,0,5
2019-12-17,14,-20,-3,-16.8,68,0,0,0,5
2019-12-16,16,-9,3.5,-10.6,61,0,0,0,6
2019-12-15,36,-1,17.5,3.1,47,0,T,T,6
2019-12-14,31,19,25,10.3,40,0,0.19,3.4,7
2019-12-13,37,27,32,17,33,0,0.3,5.4,6
2019-12-12,34,15,24.5,9.1,40,0,0,0,T
2019-12-11,36,4,20,4.2,45,0,0,0,T
2019-12-10,33,19,26,9.9,39,0,0,0,T
2019-12-09,41,26,33.5,17,31,0,T,0.1,T
2019-12-08,46,12,29,12,36,0,0.01,0.5,1
2019-12-07,42,9,25.5,8.1,39,0,0,0,T
2019-12-06,35,23,29,11.2,36,0,0,0,1
2019-12-05,35,14,24.5,6.2,40,0,0.05,0.9,1
2019-12-04,44,10,27,8.2,38,0,0,0,1
2019-12-03,37,5,21,1.8,44,0,0,0,1
2019-12-02,28,-2,13,-6.7,52,0,0,0,1
2019-12-01,21,-3,9,-11.2,56,0,T,0.1,1
2019-11-30,40,20,30,9.3,35,0,0.08,T,0
2019-11-29,45,12,28.5,7.3,36,0,0,0,T
2019-11-28,28,8,18,-3.7,47,0,0,0,1
2019-11-27,30,-2,14,-8.2,51,0,0.03,0.4,1
2019-11-26,38,18,28,5.2,37,0,T,T,1
2019-11-25,35,16,25.5,2.2,39,0,0,0,2
2019-11-24,33,6,19.5,-4.3,45,0,0,0,2
2019-11-23,33,7,20,-4.3,45,0,T,T,3
2019-11-22,33,16,24.5,-0.3,40,0,0.24,3.1,3
2019-11-21,46,29,37.5,12.2,27,0,0.12,0.4,T
2019-11-20,60,27,43.5,17.6,21,0,0,0,0
2019-11-19,53,16,34.5,8.1,30,0,0,0,0
2019-11-18,49,28,38.5,11.6,26,0,0,0,0
2019-11-17,47,18,32.5,5.1,32,0,0,0,0
2019-11-16,52,16,34,6.1,31,0,0,0,0
2019-11-15,52,13,32.5,4.2,32,0,0,0,0
2019-11-14,50,15,32.5,3.7,32,0,0,0,0
2019-11-13,46,8,27,-2.3,38,0,0,0,0
2019-11-12,41,7,24,-5.8,41,0,0,0,0
2019-11-11,56,24,40,9.8,25,0,T,T,0
2019-11-10,54,15,34.5,3.8,30,0,0,0,0
2019-11-09,53,14,33.5,2.4,31,0,0,0,0
2019-11-08,51,14,32.5,0.9,32,0,0,0,0
2019-11-07,51,14,32.5,0.5,32,0,0,0,0
2019-11-06,53,15,34,1.6,31,0,0,0,0
2019-11-05,50,18,34,1.2,31,0,0,0,T
2019-11-04,50,18,34,0.8,31,0,0,0,T
2019-11-03,35,3,19,-14.7,46,0,0,0,1
2019-11-02,38,-3,17.5,-16.6,47,0,0,0,1
2019-11-01,20,-13,3.5,-31,61,0,0,0,3
2019-10-31,17,-13,2,-32.8,63,0,0,0,4
2019-10-30,28,1,14.5,-20.7,50,0,0.24,0.8,4
2019-10-29,27,13,20,-15.6,45,0,0.1,1.3,3
2019-10-28,36,12,24,-12,41,0,0.34,2.3,2
2019-10-27,59,14,36.5,0.1,28,0,0,0,T
2019-10-26,45,11,28,-8.8,37,0,0,0,T
2019-10-25,36,10,23,-14.2,42,0,0,0,1
2019-10-24,45,12,28.5,-9,36,0,0.29,2.9,3
2019-10-23,44,28,36,-1.9,29,0,0,0,0
2019-10-22,37,28,32.5,-5.8,32,0,0.01,T,T
2019-10-21,32,23,27.5,-11.2,37,0,T,0.1,T
2019-10-20,51,14,32.5,-6.6,32,0,0.1,0.2,T
2019-10-19,50,13,31.5,-8,33,0,0,0,0
2019-10-18,68,19,43.5,3.6,21,0,0,0,0
2019-10-17,68,18,43,2.7,22,0,0,0,0
2019-10-16,62,15,38.5,-2.2,26,0,0,0,0
2019-10-15,63,15,39,-2.1,26,0,0,0,0
2019-10-14,62,16,39,-2.5,26,0,0,0,0
2019-10-13,56,8,32,-9.9,33,0,0,0,0
2019-10-12,42,10,26,-16.3,39,0,0,0,0
2019-10-11,32,8,20,-22.7,45,0,0,0,0
2019-10-10,68,23,45.5,2.4,19,0,0.04,0.3,T
2019-10-09,68,19,43.5,0,21,0,0,0,0
2019-10-08,68,16,42,-1.9,23,0,0,0,0
2019-10-07,58,13,35.5,-8.9,29,0,0,0,0
2019-10-06,61,34,47.5,2.7,17,0,0,0,0
2019-10-05,71,22,46.5,1.3,18,0,0,0,0
2019-10-04,72,17,44.5,-1.1,20,0,0,0,0
2019-10-03,61,16,38.5,-7.5,26,0,0,0,0
2019-10-02,72,26,49,2.5,16,0,0,0,0
2019-10-01,74,27,50.5,3.6,14,0,0,0,0
2019-09-30,73,47,60,12.7,5,0,0,0,0
2019-09-29,75,38,56.5,8.8,8,0,0,0,0
2019-09-28,72,40,56,7.8,9,0,0.09,0,0
2019-09-27,76,31,53.5,4.9,11,0,0,0,0
2019-09-26,76,29,52.5,3.5,12,0,0,0,0
2019-09-25,72,27,49.5,0.1,15,0,0,0,0
2019-09-24,73,27,50,0.2,15,0,0,0,0
2019-09-23,68,26,47,-3.2,18,0,0,0,0
2019-09-22,65,25,45,-5.6,20,0,0,0,0
2019-09-21,74,29,51.5,0.5,13,0,0,0,0
2019-09-20,78,35,56.5,5.1,8,0,0,0,0
2019-09-19,75,34,54.5,2.8,10,0,0,0,0
2019-09-18,73,34,53.5,1.4,11,0,0,0,0
2019-09-17,75,40,57.5,5,7,0,0,0,0
2019-09-16,78,33,55.5,2.7,9,0,0,0,0
2019-09-15,78,32,55,1.8,10,0,0,0,0
2019-09-14,75,30,52.5,-1,12,0,0,0,0
2019-09-13,61,28,44.5,-9.4,20,0,0,0,0
2019-09-12,69,41,55,0.8,10,0,0,0,0
2019-09-11,76,36,56,1.5,9,0,0,0,0
2019-09-10,73,35,54,-0.8,11,0,0,0,0
2019-09-09,74,38,56,0.9,9,0,0.4,0,0
2019-09-08,77,47,62,6.6,3,0,M,0,0
2019-09-07,85,45,65,9.3,0,0,M,0,0
2019-09-06,87,44,65.5,9.5,0,1,0.05,0,0
2019-09-05,83,44,63.5,7.2,1,0,0,0,0
2019-09-04,88,38,63,6.4,2,0,T,0,0
2019-09-03,87,37,62,5.2,3,0,0,0,0
2019-09-02,85,37,61,3.9,4,0,0,0,0
2019-09-01,83,39,61,3.7,4,0,0,0,0
2019-08-31,81,38,59.5,1.9,5,0,0,0,0
2019-08-30,81,39,60,2.2,5,0,0,0,0
2019-08-29,84,35,59.5,1.4,5,0,0,0,0
2019-08-28,79,31,55,-3.3,10,0,0,0,0
2019-08-27,78,33,55.5,-3,9,0,0,0,0
2019-08-26,85,44,64.5,5.7,0,0,0,0,0
2019-08-25,79,37,58,-1,7,0,0,0,0
2019-08-24,81,37,59,-0.2,6,0,0,0,0
2019-08-23,85,41,63,3.6,2,0,0,0,0
2019-08-22,85,42,63.5,3.8,1,0,0,0,0
2019-08-21,88,40,64,4.1,1,0,0,0,0
2019-08-20,85,40,62.5,2.4,2,0,0,0,0
2019-08-19,85,37,61,0.7,4,0,0,0,0
2019-08-18,76,37,56.5,-4,8,0,0,0,0
2019-08-17,82,41,61.5,0.8,3,0,0,0,0
2019-08-16,84,42,63,2.1,2,0,0,0,0
2019-08-15,83,39,61,-0.1,4,0,0,0,0
2019-08-14,80,41,60.5,-0.7,4,0,0,0,0
2019-08-13,80,38,59,-2.4,6,0,0,0,0
2019-08-12,68,45,56.5,-5.1,8,0,0.1,0,0
2019-08-11,82,54,68,6.2,0,3,0,0,0
2019-08-10,84,52,68,6.1,0,3,0,0,0
2019-08-09,80,51,65.5,3.4,0,1,0.04,0,0
2019-08-08,84,48,66,3.7,0,1,0,0,0
2019-08-07,86,46,66,3.6,0,1,0,0,0
2019-08-06,83,46,64.5,2,0,0,0,0,0
2019-08-05,82,51,66.5,3.8,0,2,0.06,0,0
2019-08-04,87,53,70,7.2,0,5,0,0,0
2019-08-03,83,47,65,2.1,0,0,0,0,0
2019-08-02,76,50,63,0,2,0,0.01,0,0
2019-08-01,83,47,65,1.9,0,0,0.09,0,0
2019-07-31,85,44,64.5,1.3,0,0,T,0,0
2019-07-30,86,43,64.5,1.2,0,0,0,0,0
2019-07-29,79,40,59.5,-3.9,5,0,0,0,0
2019-07-28,79,49,64,0.6,1,0,0.44,0,0
2019-07-27,77,47,62,-1.5,3,0,T,0,0
2019-07-26,77,45,61,-2.5,4,0,0,0,0
2019-07-25,83,52,67.5,4,0,3,0.13,0,0
2019-07-24,87,47,67,3.5,0,2,0,0,0
2019-07-23,84,44,64,0.5,1,0,0,0,0
2019-07-22,86,49,67.5,4,0,3,0,0,0
2019-07-21,86,46,66,2.5,0,1,0,0,0
2019-07-20,88,44,66,2.5,0,1,0,0,0
2019-07-19,85,40,62.5,-0.9,2,0,0,0,0
2019-07-18,85,41,63,-0.4,2,0,0,0,0
2019-07-17,85,47,66,2.7,0,1,0,0,0
2019-07-16,80,44,62,-1.2,3,0,0,0,0
2019-07-15,81,45,63,-0.1,2,0,M,0,0
2019-07-14,88,48,68,5,0,3,M,0,0
2019-07-13,84,45,64.5,1.6,0,0,0,0,0
2019-07-12,86,46,66,3.3,0,1,0,0,0
2019-07-11,84,44,64,1.4,1,0,0,0,0
2019-07-10,78,39,58.5,-3.9,6,0,0,0,0
2019-07-09,73,40,56.5,-5.8,8,0,T,0,0
2019-07-08,80,45,62.5,0.4,2,0,T,0,0
2019-07-07,82,42,62,0.1,3,0,0,0,0
2019-07-06,82,40,61,-0.8,4,0,0,0,0
2019-07-05,82,39,60.5,-1.1,4,0,0,0,0
2019-07-04,82,40,61,-0.4,4,0,0,0,0
2019-07-03,79,45,62,0.8,3,0,0,0,0
2019-07-02,80,45,62.5,1.6,2,0,0,0,0
2019-07-01,83,48,65.5,4.8,0,1,0,0,0
2019-06-30,84,45,64.5,4,0,0,0,0,0
2019-06-29,84,48,66,5.7,0,1,0,0,0
2019-06-28,81,40,60.5,0.4,4,0,0,0,0
2019-06-27,80,37,58.5,-1.3,6,0,0,0,0
2019-06-26,77,38,57.5,-2.1,7,0,0,0,0
2019-06-25,70,36,53,-6.3,12,0,0,0,0
2019-06-24,45,35,40,-19.1,25,0,0.3,0,0
2019-06-23,57,36,46.5,-12.4,18,0,0,0,0
2019-06-22,45,32,38.5,-20.1,26,0,0.73,0.5,1
2019-06-21,76,42,59,0.6,6,0,0.21,0,0
2019-06-20,70,44,57,-1.1,8,0,0,0,0
2019-06-19,57,43,50,-7.9,15,0,0.25,0,0
2019-06-18,71,42,56.5,-1.1,8,0,0.16,0,0
2019-06-17,71,49,60,2.6,5,0,T,0,0
2019-06-16,73,41,57,-0.1,8,0,0,0,0
2019-06-15,72,41,56.5,-0.3,8,0,0.01,0,0
2019-06-14,77,40,58.5,1.9,6,0,0.12,0,0
2019-06-13,75,39,57,0.7,8,0,0,0,0
2019-06-12,70,39,54.5,-1.6,10,0,0,0,0
2019-06-11,75,34,54.5,-1.3,10,0,0,0,0
2019-06-10,60,27,43.5,-12,21,0,0,0,0
2019-06-09,74,39,56.5,1.2,8,0,0,0,0
2019-06-08,76,44,60,5,5,0,0,0,0
2019-06-07,76,38,57,2.3,8,0,T,0,0
2019-06-06,73,38,55.5,1.1,9,0,0.02,0,0
2019-06-05,69,35,52,-2.1,13,0,0,0,0
2019-06-04,72,35,53.5,-0.4,11,0,0,0,0
2019-06-03,73,36,54.5,0.9,10,0,0,0,0
2019-06-02,75,37,56,2.7,9,0,0,0,0
2019-06-01,66,33,49.5,-3.5,15,0,0,0,0
2019-05-31,60,32,46,-6.7,19,0,0,0,0
2019-05-30,52,32,42,-10.4,23,0,T,0,0
2019-05-29,46,32,39,-13,26,0,T,0,0
2019-05-28,60,32,46,-5.7,19,0,0.1,0.5,1
2019-05-27,68,31,49.5,-1.9,15,0,0,0,0
2019-05-26,69,30,49.5,-1.6,15,0,0,0,0
2019-05-25,55,27,41,-9.7,24,0,0,0,0
2019-05-24,57,33,45,-5.4,20,0,0,0,0
2019-05-23,51,33,42,-8.1,23,0,0,0,0
2019-05-22,46,33,39.5,-10.2,25,0,0,0,0
2019-05-21,43,32,37.5,-11.9,27,0,0.8,1.5,2
2019-05-20,56,33,44.5,-4.5,20,0,T,0,0
2019-05-19,51,28,39.5,-9.2,25,0,0,0,0
2019-05-18,52,31,41.5,-6.8,23,0,T,0,0
2019-05-17,74,41,57.5,9.6,7,0,T,T,0
2019-05-16,74,40,57,9.4,8,0,0,0,0
2019-05-15,68,31,49.5,2.3,15,0,0,0,0
2019-05-14,69,32,50.5,3.7,14,0,0,0,0
2019-05-13,64,32,48,1.5,17,0,0,0,0
2019-05-12,58,29,43.5,-2.6,21,0,0,0,0
2019-05-11,49,24,36.5,-9.3,28,0,0,0,0
2019-05-10,38,26,32,-13.4,33,0,0.27,1.5,2
2019-05-09,46,29,37.5,-7.5,27,0,0.33,0.9,1
2019-05-08,63,33,48,3.3,17,0,T,T,0
2019-05-07,67,35,51,6.7,14,0,T,0,0
2019-05-06,64,31,47.5,3.5,17,0,T,0,0
2019-05-05,60,28,44,0.3,21,0,0,0,0
2019-05-04,60,25,42.5,-0.8,22,0,0,0,0
2019-05-03,53,26,39.5,-3.5,25,0,0,0,0
2019-05-02,42,24,33,-9.7,32,0,0,0,0
2019-05-01,48,29,38.5,-3.9,26,0,0.32,0,0
2019-04-30,44,30,37,-5.1,28,0,0.75,0,0
2019-04-29,61,30,45.5,3.7,19,0,0.16,0,0
2019-04-28,66,35,50.5,9,14,0,0.01,0,0
2019-04-27,66,37,51.5,10.3,13,0,0.33,0,0
2019-04-26,65,27,46,5.1,19,0,0,0,0
2019-04-25,62,34,48,7.3,17,0,0,0,0
2019-04-24,62,29,45.5,5.1,19,0,0,0,0
2019-04-23,61,23,42,1.8,23,0,0,0,0
2019-04-22,59,27,43,3.1,22,0,0,0,0
2019-04-21,71,32,51.5,11.8,13,0,0.05,0,0
2019-04-20,67,23,45,5.5,20,0,0,0,0
2019-04-19,55,27,41,1.7,24,0,0,0,0
2019-04-18,52,36,44,5,21,0,0,0,0
2019-04-17,58,32,45,6.2,20,0,T,0,0
2019-04-16,62,27,44.5,5.9,20,0,0,0,0
2019-04-15,53,32,42.5,4.1,22,0,0,0,0
2019-04-14,42,19,30.5,-7.7,34,0,0,0,0
2019-04-13,41,21,31,-7.1,34,0,0,0,0
2019-04-12,34,21,27.5,-10.4,37,0,0,0,0
2019-04-11,41,20,30.5,-7.2,34,0,0.03,0,0
2019-04-10,64,32,48,10.5,17,0,0.07,T,T
2019-04-09,63,28,45.5,8.2,19,0,0,0,0
2019-04-08,56,29,42.5,5.4,22,0,0,0,0
2019-04-07,54,25,39.5,2.6,25,0,0.12,0,0
2019-04-06,59,26,42.5,5.8,22,0,0,0,0
2019-04-05,55,27,41,4.5,24,0,0,0,0
2019-04-04,45,31,38,1.7,27,0,0,0,0
2019-04-03,51,29,40,4,25,0,0,0,0
2019-04-02,45,27,36,0.2,29,0,0,0,0
2019-04-01,45,19,32,-3.6,33,0,0,0,0
2019-03-31,41,15,28,-7.3,37,0,0,0,0
2019-03-30,45,23,34,-1.1,31,0,T,0,0
2019-03-29,59,23,41,6.2,24,0,0,0,0
2019-03-28,61,27,44,9.5,21,0,0,0,0
2019-03-27,53,18,35.5,1.3,29,0,0,0,0
2019-03-26,45,16,30.5,-3.4,34,0,0,0,0
2019-03-25,40,28,34,0.4,31,0,0.03,0.4,0
2019-03-24,42,18,30,-3.2,35,0,0,0,0
2019-03-23,42,30,36,3.1,29,0,0,0,0
2019-03-22,40,16,28,-4.5,37,0,T,T,0
2019-03-21,38,11,24.5,-7.6,40,0,T,T,0
2019-03-20,39,6,22.5,-9.2,42,0,0,0,0
2019-03-19,38,15,26.5,-4.8,38,0,0,0,0
2019-03-18,36,7,21.5,-9.4,43,0,0,0,T
2019-03-17,30,2,16,-14.5,49,0,0,0,T
2019-03-16,26,-7,9.5,-20.5,55,0,0,0,1
2019-03-15,28,-7,10.5,-19.1,54,0,0,0,3
2019-03-14,32,17,24.5,-4.6,40,0,0.47,4.9,5
2019-03-13,40,19,29.5,0.8,35,0,0.2,1.2,T
2019-03-12,35,15,25,-3.2,40,0,0,0,T
2019-03-11,38,13,25.5,-2.2,39,0,0,0,T
2019-03-10,33,17,25,-2.2,40,0,0.02,0.6,3
2019-03-09,31,15,23,-3.7,42,0,0.36,3.6,4
2019-03-08,42,21,31.5,5.3,33,0,0.07,0.7,1
2019-03-07,42,32,37,11.3,28,0,0.27,T,T
2019-03-06,32,4,18,-7.2,47,0,T,0.1,1
2019-03-05,31,-1,15,-9.7,50,0,0,0,3
2019-03-04,28,0,14,-10.2,51,0,0.08,T,3
2019-03-03,37,22,29.5,5.8,35,0,0.2,0.6,3
2019-03-02,39,30,34.5,11.3,30,0,0.06,0.9,4
2019-03-01,45,28,36.5,13.8,28,0,T,T,3
2019-02-28,49,19,34,11.8,31,0,0,0,3
2019-02-27,46,16,31,9.3,34,0,0,0,3
2019-02-26,40,6,23,1.8,42,0,0,0,5
2019-02-25,33,1,17,-3.8,48,0,0,0,5
2019-02-24,27,1,14,-6.3,51,0,0,0,5
2019-02-23,33,0,16.5,-3.4,48,0,0,0,5
2019-02-22,22,-3,9.5,-10,55,0,0,0,6
2019-02-21,20,-6,7,-12.1,58,0,0,0,6
2019-02-20,22,-12,5,-13.7,60,0,0,0,6
2019-02-19,18,-6,6,-12.3,59,0,0,0,6
2019-02-18,21,-9,6,-11.9,59,0,0,0,6
2019-02-17,28,-10,9,-8.5,56,0,0.1,0.3,7
2019-02-16,40,9,24.5,7.3,40,0,0.3,1.3,7
2019-02-15,41,28,34.5,17.6,30,0,0.2,0.9,7
2019-02-14,40,28,34,17.4,31,0,0.18,0.8,6
2019-02-13,34,-8,13,-3.3,52,0,0,0,5
2019-02-12,24,-11,6.5,-9.5,58,0,0,0,5
2019-02-11,37,6,21.5,5.8,43,0,0,0,5
2019-02-10,28,-13,7.5,-8,57,0,0,0,6
2019-02-09,15,-22,-3.5,-18.7,68,0,0,0,6
2019-02-08,14,-25,-5.5,-20.5,70,0,0,0,6
2019-02-07,31,-4,13.5,-1.3,51,0,0,0,6
2019-02-06,38,25,31.5,16.9,33,0,0.24,2.8,7
2019-02-05,40,17,28.5,14.1,36,0,0.08,1.3,6
2019-02-04,43,17,30,15.7,35,0,T,T,5
2019-02-03,28,-8,10,-4.1,55,0,0,0,5
2019-02-02,26,-12,7,-7,58,0,0,0,5
2019-02-01,28,-11,8.5,-5.3,56,0,0,0,5
2019-01-31,17,-20,-1.5,-15.2,66,0,0,0,5
2019-01-30,16,-22,-3,-16.6,68,0,0,0,5
2019-01-29,25,-14,5.5,-8,59,0,0,0,5
2019-01-28,36,9,22.5,9.2,42,0,T,0.4,5
2019-01-27,30,9,19.5,6.3,45,0,M,M,M
2019-01-26,30,11,20.5,7.4,44,0,M,M,M
2019-01-25,27,15,21,8,44,0,M,M,M
2019-01-24,20,-10,5,-8,60,0,M,M,M
2019-01-23,27,13,20,7.1,45,0,M,M,M
2019-01-22,34,8,21,8.2,44,0,M,M,M
2019-01-21,34,14,24,11.3,41,0,M,M,M
2019-01-20,31,7,19,6.4,46,0,M,M,M
2019-01-19,32,23,27.5,15,37,0,M,M,M
2019-01-18,42,16,29,16.5,36,0,M,M,M
2019-01-17,31,9,20,7.6,45,0,M,M,M
2019-01-16,18,-14,2,-10.3,63,0,M,M,M
2019-01-15,17,-16,0.5,-11.8,64,0,M,M,M
2019-01-14,21,-9,6,-6.2,59,0,M,M,M
2019-01-13,34,-2,16,3.9,49,0,M,M,M
2019-01-12,33,17,25,12.9,40,0,M,M,M
2019-01-11,25,-2,11.5,-0.5,53,0,M,0.4,M
2019-01-10,30,4,17,5,48,0,M,M,M
2019-01-09,40,9,24.5,12.6,40,0,M,M,M
2019-01-08,32,22,27,15.1,38,0,M,M,M
2019-01-07,36,14,25,13.2,40,0,M,M,M
2019-01-06,22,-11,5.5,-6.3,59,0,M,M,M
2019-01-05,24,-12,6,-5.8,59,0,M,M,M
2019-01-04,18,-17,0.5,-11.3,64,0,M,M,M
2019-01-03,13,-23,-5,-16.8,70,0,M,M,M
2019-01-02,15,-14,0.5,-11.3,64,0,M,M,M
2019-01-01,21,-1,10,-1.8,55,0,M,M,M
2018-12-31,24,0,12,0.2,53,0,M,M,M
2018-12-30,18,-8,5,-6.8,60,0,M,M,M
2018-12-29,18,-7,5.5,-6.4,59,0,M,M,M
2018-12-28,21,-1,10,-2,55,0,M,M,M
2018-12-27,29,6,17.5,5.5,47,0,M,M,M
2018-12-26,29,-1,14,1.9,51,0,M,M,M
2018-12-25,31,5,18,5.7,47,0,M,M,M
2018-12-24,24,-9,7.5,-4.9,57,0,M,M,M
2018-12-23,32,-4,14,1.5,51,0,M,M,M
2018-12-22,34,1,17.5,4.8,47,0,T,T,1
2018-12-21,34,6,20,7.1,45,0,0,0,1
2018-12-20,35,7,21,7.9,44,0,0.04,0.5,1
2018-12-19,34,17,25.5,12.2,39,0,0,0,T
2018-12-18,26,-2,12,-1.6,53,0,0,0,T
2018-12-17,37,-4,16.5,2.7,48,0,0,0,T
2018-12-16,35,-1,17,2.9,48,0,0,0,T
2018-12-15,26,-4,11,-3.4,54,0,0,0,T
2018-12-14,29,-6,11.5,-3.2,53,0,0,0,T
2018-12-13,36,0,18,3,47,0,0,0,T
2018-12-12,41,2,21.5,6.1,43,0,0,0,T
2018-12-11,23,-5,9,-6.8,56,0,0,0,T
2018-12-10,33,-7,13,-3.1,52,0,0,0,T
2018-12-09,36,2,19,2.5,46,0,0,0,1
2018-12-08,36,14,25,8,40,0,0,0,2
2018-12-07,37,16,26.5,9.1,38,0,T,T,2
2018-12-06,16,12,14,-3.8,51,0,T,T,2
2018-12-05,23,-10,6.5,-11.8,58,0,0.08,2.4,2
2018-12-04,30,-8,11,-7.8,54,0,0.08,0.7,1
2018-12-03,24,1,12.5,-6.7,52,0,T,T,T
2018-12-02,28,-3,12.5,-7.2,52,0,0,0,T
2018-12-01,30,6,18,-2.2,47,0,T,T,T
2018-11-30,42,23,32.5,11.8,32,0,0.01,0.2,1
2018-11-29,40,29,34.5,13.3,30,0,0.01,0.5,1
2018-11-28,38,3,20.5,-1.2,44,0,0,0,T
2018-11-27,28,-2,13,-9.2,52,0,0,0,T
2018-11-26,30,-3,13.5,-9.3,51,0,0,0,1
2018-11-25,37,10,23.5,0.2,41,0,0.09,1.4,1
2018-11-24,37,28,32.5,8.7,32,0,T,T,T
2018-11-23,43,6,24.5,0.2,40,0,T,T,T
2018-11-22,39,6,22.5,-2.3,42,0,0,0,0
2018-11-21,44,3,23.5,-1.8,41,0,0,0,0
2018-11-20,41,4,22.5,-3.4,42,0,0,0,0
2018-11-19,36,4,20,-6.4,45,0,0,0,0
2018-11-18,40,10,25,-1.9,40,0,0,0,0
2018-11-17,50,10,30,2.6,35,0,0,0,0
2018-11-16,43,7,25,-2.9,40,0,0,0,0
2018-11-15,41,7,24,-4.3,41,0,0,0,0
2018-11-14,33,5,19,-9.8,46,0,0,0,0
2018-11-13,27,4,15.5,-13.8,49,0,0,0,0
2018-11-12,27,2,14.5,-15.3,50,0,0,0,0
2018-11-11,42,6,24,-6.2,41,0,0,0,0
2018-11-10,37,7,22,-8.7,43,0,0,0,0
2018-11-09,31,6,18.5,-12.6,46,0,0,0,0
2018-11-08,39,12,25.5,-6.1,39,0,T,T,T
2018-11-07,35,18,26.5,-5.5,38,0,T,T,T
2018-11-06,39,22,30.5,-1.9,34,0,T,T,T
2018-11-05,37,29,33,0.2,32,0,0.07,0.1,T
2018-11-04,38,27,32.5,-0.7,32,0,0.1,0.3,T
2018-11-03,49,34,41.5,7.8,23,0,0.06,0.1,T
2018-11-02,40,30,35,0.9,30,0,T,0.2,T
2018-11-01,45,26,35.5,1,29,0,T,0,0
2018-10-31,36,25,30.5,-4.3,34,0,T,T,T
2018-10-30,66,31,48.5,13.3,16,0,0.06,1,1
2018-10-29,65,30,47.5,11.9,17,0,0,0,0
2018-10-28,62,26,44,8,21,0,0,0,0
2018-10-27,55,21,38,1.6,27,0,0,0,0
2018-10-26,52,30,41,4.2,24,0,0,0,0
2018-10-25,52,28,40,2.8,25,0,0,0,0
2018-10-24,62,34,48,10.5,17,0,0.04,0,0
2018-10-23,63,28,45.5,7.6,19,0,T,0,0
2018-10-22,63,26,44.5,6.2,20,0,0,0,0
2018-10-21,64,21,42.5,3.8,22,0,0,0,0
2018-10-20,58,19,38.5,-0.6,26,0,0,0,0
2018-10-19,56,23,39.5,0,25,0,0,0,0
2018-10-18,57,22,39.5,-0.4,25,0,0,0,0
2018-10-17,55,16,35.5,-4.8,29,0,0,0,0
2018-10-16,39,13,26,-14.7,39,0,0,0,0
2018-10-15,37,11,24,-17.1,41,0,0,0,0
2018-10-14,54,17,35.5,-6,29,0,0,0,0
2018-10-13,51,22,36.5,-5.4,28,0,0,0,0
2018-10-12,36,30,33,-9.3,32,0,0.36,T,T
2018-10-11,43,27,35,-7.7,30,0,0.14,0.7,1
2018-10-10,48,32,40,-3.1,25,0,0.16,0,0
2018-10-09,50,33,41.5,-2,23,0,0.08,0,0
2018-10-08,59,34,46.5,2.6,18,0,0.17,0,0
2018-10-07,56,35,45.5,1.1,19,0,0,0,0
2018-10-06,57,35,46,1.2,19,0,0.24,0,0
2018-10-05,58,40,49,3.8,16,0,0.23,0,0
2018-10-04,66,40,53,7.4,12,0,0.03,0,0
2018-10-03,57,39,48,2,17,0,0.11,0,0
2018-10-02,68,38,53,6.5,12,0,T,0,0
2018-10-01,75,31,53,6.1,12,0,0,0,0
2018-09-30,76,30,53,5.7,12,0,0,0,0
2018-09-29,74,27,50.5,2.8,14,0,0,0,0
2018-09-28,72,26,49,0.8,16,0,0,0,0
2018-09-27,68,24,46,-2.6,19,0,0,0,0
2018-09-26,65,27,46,-3,19,0,0,0,0
2018-09-25,68,27,47.5,-1.9,17,0,0.02,0,0
2018-09-24,76,35,55.5,5.7,9,0,0,0,0
2018-09-23,77,29,53,2.8,12,0,0,0,0
2018-09-22,77,26,51.5,0.9,13,0,0,0,0
2018-09-21,72,24,48,-3,17,0,0,0,0
2018-09-20,60,45,52.5,1.1,12,0,0,0,0
2018-09-19,82,36,59,7.3,6,0,0,0,0
2018-09-18,81,37,59,6.9,6,0,0,0,0
2018-09-17,82,37,59.5,7,5,0,0,0,0
2018-09-16,84,36,60,7.2,5,0,0,0,0
2018-09-15,83,32,57.5,4.3,7,0,0,0,0
2018-09-14,81,30,55.5,2,9,0,0,0,0
2018-09-13,81,33,57,3.1,8,0,0,0,0
2018-09-12,80,34,57,2.8,8,0,0,0,0
2018-09-11,80,35,57.5,3,7,0,0,0,0
2018-09-10,75,34,54.5,-0.3,10,0,0.07,0,0
2018-09-09,78,38,58,2.9,7,0,0,0,0
2018-09-08,77,34,55.5,0.1,9,0,0,0,0
2018-09-07,70,33,51.5,-4.2,13,0,T,0,0
2018-09-06,73,41,57,1,8,0,0.01,0,0
2018-09-05,78,38,58,1.7,7,0,0,0,0
2018-09-04,75,37,56,-0.6,9,0,0,0,0
2018-09-03,76,41,58.5,1.7,6,0,0,0,0
2018-09-02,74,37,55.5,-1.6,9,0,0.01,0,0
2018-09-01,80,41,60.5,3.2,4,0,0,0,0
2018-08-31,81,40,60.5,2.9,4,0,0,0,0
2018-08-30,80,35,57.5,-0.3,7,0,0,0,0
2018-08-29,76,34,55,-3.1,10,0,0,0,0
2018-08-28,77,39,58,-0.3,7,0,0,0,0
2018-08-27,81,48,64.5,6,0,0,0.12,0,0
2018-08-26,82,45,63.5,4.7,1,0,0,0,0
2018-08-25,76,41,58.5,-0.5,6,0,0.01,0,0
2018-08-24,74,40,57,-2.2,8,0,0,0,0
2018-08-23,72,48,60,0.6,5,0,0.24,0,0
2018-08-22,65,47,56,-3.7,9,0,0.02,0,0
2018-08-21,81,41,61,1.1,4,0,0.25,0,0
2018-08-20,67,36,51.5,-8.6,13,0,T,0,0
2018-08-19,73,41,57,-3.3,8,0,0.27,0,0
2018-08-18,83,43,63,2.5,2,0,0.06,0,0
2018-08-17,82,43,62.5,1.8,2,0,0,0,0
2018-08-16,83,42,62.5,1.6,2,0,0,0,0
2018-08-15,81,42,61.5,0.4,3,0,0.01,0,0
2018-08-14,88,43,65.5,4.3,0,1,0,0,0
2018-08-13,91,43,67,5.6,0,2,0,0,0
2018-08-12,88,41,64.5,2.9,0,0,0,0,0
2018-08-11,83,41,62,0.2,3,0,T,0,0
2018-08-10,86,44,65,3.1,0,0,0,0,0
2018-08-09,84,41,62.5,0.4,2,0,0,0,0
2018-08-08,82,39,60.5,-1.8,4,0,0,0,0
2018-08-07,80,38,59,-3.4,6,0,0,0,0
2018-08-06,83,45,64,1.5,1,0,0,0,0
2018-08-05,79,50,64.5,1.8,0,0,0.13,0,0
2018-08-04,72,42,57,-5.8,8,0,0.35,0,0
2018-08-03,84,41,62.5,-0.4,2,0,0.01,0,0
2018-08-02,71,39,55,-8,10,0,0,0,0
2018-08-01,84,41,62.5,-0.6,2,0,0,0,0
2018-07-31,79,37,58,-5.2,7,0,0,0,0
2018-07-30,83,43,63,-0.3,2,0,0,0,0
2018-07-29,75,40,57.5,-5.9,7,0,0.11,0,0
2018-07-28,82,42,62,-1.4,3,0,0,0,0
2018-07-27,85,45,65,1.5,0,0,0,0,0
2018-07-26,80,47,63.5,0,1,0,0.14,0,0
2018-07-25,85,51,68,4.5,0,3,0,0,0
2018-07-24,80,49,64.5,1,0,0,0.02,0,0
2018-07-23,84,50,67,3.5,0,2,0.37,0,0
2018-07-22,85,54,69.5,6,0,5,0.05,0,0
2018-07-21,87,50,68.5,5,0,4,0,0,0
2018-07-20,89,45,67,3.5,0,2,0,0,0
2018-07-19,86,44,65,1.6,0,0,0,0,0
2018-07-18,85,48,66.5,3.1,0,2,0,0,0
2018-07-17,85,48,66.5,3.2,0,2,0,0,0
2018-07-16,78,45,61.5,-1.7,3,0,0,0,0
2018-07-15,89,56,72.5,9.4,0,8,0,0,0
2018-07-14,86,48,67,4,0,2,T,0,0
2018-07-13,78,48,63,0.1,2,0,0.34,0,0
2018-07-12,86,49,67.5,4.8,0,3,T,0,0
2018-07-11,91,46,68.5,5.9,0,4,0.08,0,0
2018-07-10,88,48,68,5.6,0,3,0,0,0
2018-07-09,88,50,69,6.7,0,4,0.12,0,0
2018-07-08,89,52,70.5,8.4,0,6,0,0,0
2018-07-07,88,46,67,5.1,0,2,0,0,0
2018-07-06,85,45,65,3.2,0,0,T,0,0
2018-07-05,87,49,68,6.4,0,3,0,0,0
2018-07-04,85,43,64,2.6,1,0,0,0,0
2018-07-03,86,40,63,1.8,2,0,0,0,0
2018-07-02,81,37,59,-1.9,6,0,0,0,0
2018-07-01,77,34,55.5,-5.2,9,0,0,0,0
2018-06-30,M,42,M,M,M,M,0,0,0
2018-06-29,90,43,66.5,6.2,0,2,0,0,0
2018-06-28,91,43,67,6.9,0,2,0,0,0
2018-06-27,88,40,64,4.2,1,0,0,0,0
2018-06-26,80,37,58.5,-1.1,6,0,0,0,0
2018-06-25,64,34,49,-10.3,16,0,0,0,0
2018-06-24,78,46,62,2.9,3,0,0,0,0
2018-06-23,76,38,57,-1.9,8,0,0,0,0
2018-06-22,82,44,63,4.4,2,0,0,0,0
2018-06-21,73,38,55.5,-2.9,9,0,0,0,0
2018-06-20,77,41,59,0.9,6,0,0,0,0
2018-06-19,77,40,58.5,0.6,6,0,0,0,0
2018-06-18,70,48,59,1.4,6,0,0.5,0,0
2018-06-17,74,53,63.5,6.1,1,0,0.25,0,0
2018-06-16,83,49,66,8.9,0,1,T,0,0
2018-06-15,83,45,64,7.2,1,0,0,0,0
2018-06-14,87,43,65,8.4,0,0,0,0,0
2018-06-13,82,38,60,3.7,5,0,0,0,0
2018-06-12,78,33,55.5,-0.6,9,0,0,0,0
2018-06-11,81,38,59.5,3.7,5,0,0,0,0
2018-06-10,85,36,60.5,5,4,0,0,0,0
2018-06-09,83,36,59.5,4.2,5,0,0,0,0
2018-06-08,84,34,59,4,6,0,0,0,0
2018-06-07,85,38,61.5,6.8,3,0,0,0,0
2018-06-06,84,37,60.5,6.1,4,0,0,0,0
2018-06-05,80,34,57,2.9,8,0,0,0,0
2018-06-04,77,35,56,2.1,9,0,T,0,0
2018-06-03,76,34,55,1.4,10,0,0,0,0
2018-06-02,74,31,52.5,-0.8,12,0,0,0,0
2018-06-01,82,41,61.5,8.5,3,0,0,0,0
2018-05-31,74,33,53.5,0.8,11,0,T,0,0
2018-05-30,63,32,47.5,-4.9,17,0,T,0,0
2018-05-29,72,35,53.5,1.5,11,0,T,0,0
2018-05-28,79,39,59,7.3,6,0,0,0,0
2018-05-27,82,35,58.5,7.1,6,0,0,0,0
2018-05-26,80,32,56,4.9,9,0,0,0,0
2018-05-25,74,33,53.5,2.8,11,0,0,0,0
2018-05-24,71,31,51,0.6,14,0,0,0,0
2018-05-23,72,34,53,2.9,12,0,0.15,0,0
2018-05-22,73,33,53,3.3,12,0,0,0,0
2018-05-21,67,30,48.5,-0.9,16,0,T,0,0
2018-05-20,61,28,44.5,-4.5,20,0,T,0,0
2018-05-19,70,37,53.5,4.8,11,0,T,0,0
2018-05-18,75,31,53,4.7,12,0,0,0,0
2018-05-17,75,30,52.5,4.6,12,0,0,0,0
2018-05-16,72,28,50,2.4,15,0,0,0,0
2018-05-15,68,28,48,0.8,17,0,0,0,0
2018-05-14,69,29,49,2.2,16,0,0,0,0
2018-05-13,74,40,57,10.5,8,0,0,0,0
2018-05-12,73,35,54,7.9,11,0,0,0,0
2018-05-11,77,37,57,11.2,8,0,0,0,0
2018-05-10,70,30,50,4.6,15,0,0,0,0
2018-05-09,70,28,49,4,16,0,0,0,0
2018-05-08,73,32,52.5,7.8,12,0,0,0,0
2018-05-07,70,32,51,6.7,14,0,0,0,0
2018-05-06,65,31,48,4,17,0,0,0,0
2018-05-05,60,28,44,0.3,21,0,0,0,0
2018-05-04,55,30,42.5,-0.8,22,0,0.3,T,0
2018-05-03,55,32,43.5,0.5,21,0,0.6,T,T
2018-05-02,58,30,44,1.3,21,0,0,0,0
2018-05-01,61,26,43.5,1.1,21,0,0,0,0
2018-04-30,67,24,45.5,3.4,19,0,0,0,0
2018-04-29,72,34,53,11.2,12,0,0.02,0,0
2018-04-28,69,24,46.5,5,18,0,0,0,0
2018-04-27,59,19,39,-2.2,26,0,0,0,0
2018-04-26,64,26,45,4.1,20,0,0,0,0
2018-04-25,49,17,33,-7.7,32,0,0,0,0
2018-04-24,65,33,49,8.6,16,0,0,0,0
2018-04-23,62,26,44,3.8,21,0,0,0,0
2018-04-22,44,24,34,-5.9,31,0,0,0,0
2018-04-21,50,29,39.5,-0.2,25,0,0.31,2.2,2
2018-04-20,64,24,44,4.5,21,0,T,T,0
2018-04-19,50,16,33,-6.3,32,0,0,0,0
2018-04-18,49,17,33,-6,32,0,T,T,0
2018-04-17,64,28,46,7.2,19,0,0,0,0
2018-04-16,56,22,39,0.4,26,0,0,0,0
2018-04-15,45,31,38,-0.4,27,0,0,0,0
2018-04-14,35,24,29.5,-8.7,35,0,0,0,0
2018-04-13,61,22,41.5,3.4,23,0,0,0,0
2018-04-12,51,31,41,3.1,24,0,T,T,0
2018-04-11,58,26,42,4.3,23,0,0,0,0
2018-04-10,47,21,34,-3.5,31,0,0,0,0
2018-04-09,47,29,38,0.7,27,0,0.59,0.8,1
2018-04-08,51,29,40,2.9,25,0,0,0,0
2018-04-07,42,35,38.5,1.6,26,0,0.1,T,0
2018-04-06,54,26,40,3.3,25,0,T,T,0
2018-04-05,50,19,34.5,-2,30,0,0,0,0
2018-04-04,41,16,28.5,-7.8,36,0,0,0,0
2018-04-03,61,15,38,2,27,0,0,0,0
2018-04-02,59,35,47,11.2,18,0,0,0,0
2018-04-01,57,27,42,6.4,23,0,0,0,0
2018-03-31,52,22,37,1.7,28,0,0,0,0
2018-03-30,41,18,29.5,-5.6,35,0,0,0,0
2018-03-29,39,14,26.5,-8.3,38,0,0.1,0.6,1
2018-03-28,47,21,34,-0.5,31,0,0,0,0
2018-03-27,42,17,29.5,-4.7,35,0,0,0,0
2018-03-26,55,24,39.5,5.6,25,0,0,0,0
2018-03-25,53,23,38,4.4,27,0,0,0,0
2018-03-24,46,25,35.5,2.3,29,0,0.07,0,0
2018-03-23,61,33,47,14.1,18,0,0.17,0,0
2018-03-22,47,26,36.5,4,28,0,0,0,0
2018-03-21,40,25,32.5,0.4,32,0,0,0,0
2018-03-20,36,19,27.5,-4.2,37,0,0,0,0
2018-03-19,42,21,31.5,0.2,33,0,0.01,0.1,T
2018-03-18,51,17,34,3.1,31,0,0,0,0
2018-03-17,42,14,28,-2.5,37,0,0,0,0
2018-03-16,47,27,37,7,28,0,0.13,0.3,T
2018-03-15,56,27,41.5,11.9,23,0,0,0,0
2018-03-14,53,23,38,8.9,27,0,0,0,0
2018-03-13,47,15,31,2.3,34,0,0,0,0
2018-03-12,47,15,31,2.8,34,0,0,0,0
2018-03-11,38,10,24,-3.7,41,0,0,0,0
2018-03-10,48,17,32.5,5.3,32,0,0,0,0
2018-03-09,50,18,34,7.3,31,0,0,0,0
2018-03-08,42,13,27.5,1.3,37,0,0,0,0
2018-03-07,36,6,21,-4.7,44,0,0,0,0
2018-03-06,27,14,20.5,-4.7,44,0,0,0,0
2018-03-05,45,14,29.5,4.8,35,0,T,T,T
2018-03-04,55,18,36.5,12.3,28,0,0,0,0
2018-03-03,50,18,34,10.3,31,0,0,0,0
2018-03-02,44,15,29.5,6.3,35,0,0,0,0
2018-03-01,38,10,24,1.3,41,0,0,0,1
2018-02-28,42,7,24.5,2.3,40,0,0,0,1
2018-02-27,40,2,21,-0.7,44,0,0,0,1
2018-02-26,26,7,16.5,-4.7,48,0,0,0,2
2018-02-25,19,3,11,-9.8,54,0,T,T,2
2018-02-24,32,7,19.5,-0.8,45,0,T,T,2
2018-02-23,29,12,20.5,0.6,44,0,0.17,0.4,2
2018-02-22,21,-3,9,-10.5,56,0,0,0,2
2018-02-21,17,-7,5,-14.1,60,0,T,T,2
2018-02-20,38,5,21.5,2.8,43,0,0.1,0.8,2
2018-02-19,46,31,38.5,20.2,26,0,0,0,1
2018-02-18,39,30,34.5,16.6,30,0,0,0,1
2018-02-17,35,-2,16.5,-1,48,0,0,0,2
2018-02-16,27,-2,12.5,-4.7,52,0,0,0,3
2018-02-15,41,25,33,16.1,32,0,T,T,3
2018-02-14,39,25,32,15.4,33,0,T,T,5
2018-02-13,28,15,21.5,5.2,43,0,0.73,9.4,9
2018-02-12,30,9,19.5,3.5,45,0,0,0,0
2018-02-11,29,4,16.5,0.8,48,0,T,T,0
2018-02-10,49,27,38,22.5,27,0,0,0,0
2018-02-09,46,28,37,21.8,28,0,0,0,0
2018-02-08,40,19,29.5,14.5,35,0,0,0,0
2018-02-07,34,17,25.5,10.7,39,0,0,0,T
2018-02-06,43,17,30,15.4,35,0,0.09,1.2,1
2018-02-05,46,23,34.5,20.1,30,0,T,T,T
2018-02-04,44,29,36.5,22.2,28,0,T,T,T
2018-02-03,44,28,36,21.9,29,0,0,0,T
2018-02-02,39,26,32.5,18.5,32,0,0,0,T
2018-02-01,44,26,35,21.2,30,0,0.1,T,T
2018-01-31,50,12,31,17.3,34,0,0,0,T
2018-01-30,39,9,24,10.4,41,0,0,0,T
2018-01-29,36,8,22,8.5,43,0,0,0,T
2018-01-28,34,16,25,11.7,40,0,0,0,T
2018-01-27,26,-7,9.5,-3.7,55,0,0,0,1
2018-01-26,30,-7,11.5,-1.6,53,0,T,T,1
2018-01-25,25,-7,9,-4,56,0,0,0,1
2018-01-24,29,-9,10,-3,55,0,0,0,3
2018-01-23,20,-3,8.5,-4.4,56,0,T,T,3
2018-01-22,26,-5,10.5,-2.3,54,0,0,0,3
2018-01-21,45,2,23.5,10.8,41,0,0.16,3.4,3
2018-01-20,52,5,28.5,15.9,36,0,0,0,T
2018-01-19,30,0,15,2.5,50,0,0,0,T
2018-01-18,27,-8,9.5,-3,55,0,0,0,T
2018-01-17,21,-9,6,-6.4,59,0,0,0,T
2018-01-16,32,-10,11,-1.3,54,0,0,0,T
2018-01-15,40,1,20.5,8.2,44,0,0,0,T
2018-01-14,34,10,22,9.8,43,0,0,0,T
2018-01-13,36,22,29,16.9,36,0,T,T,T
2018-01-12,28,19,23.5,11.4,41,0,0.09,1.5,2
2018-01-11,42,19,30.5,18.5,34,0,0.08,T,T
2018-01-10,49,27,38,26,27,0,T,0,T
2018-01-09,39,6,22.5,10.6,42,0,T,0,T
2018-01-08,39,3,21,9.1,44,0,0,0,T
2018-01-07,38,16,27,15.2,38,0,0.06,0.3,T
2018-01-06,32,5,18.5,6.7,46,0,0,0,1
2018-01-05,32,0,16,4.2,49,0,0,0,1
2018-01-04,24,-8,8,-3.8,57,0,0,0,1
2018-01-03,32,-9,11.5,-0.3,53,0,0,0,1
2018-01-02,26,-6,10,-1.8,55,0,0,0,1
2018-01-01,35,-3,16,4.2,49,0,0,0,1